,ds,y,anomaly
0,1749-01-31,96.7,False
1,1749-02-28,104.3,False
2,1749-03-31,116.7,False
3,1749-04-30,92.8,False
4,1749-05-31,141.7,False
5,1749-06-30,139.2,False
6,1749-07-31,158.0,False
7,1749-08-31,110.5,False
8,1749-09-30,126.5,False
9,1749-10-31,125.8,False
10,1749-11-30,264.3,True
11,1749-12-31,142.0,False
12,1750-01-31,122.2,False
13,1750-02-28,126.5,False
14,1750-03-31,148.7,False
15,1750-04-30,147.2,False
16,1750-05-31,150.0,False
17,1750-06-30,166.7,False
18,1750-07-31,142.3,False
19,1750-08-31,171.7,False
20,1750-09-30,152.0,False
21,1750-10-31,109.5,False
22,1750-11-30,105.5,False
23,1750-12-31,125.7,False
24,1751-01-31,116.7,False
25,1751-02-28,72.5,False
26,1751-03-31,75.5,False
27,1751-04-30,94.0,False
28,1751-05-31,101.2,False
29,1751-06-30,84.5,False
30,1751-07-31,110.5,False
31,1751-08-31,99.7,False
32,1751-09-30,39.2,False
33,1751-10-31,38.7,False
34,1751-11-30,47.5,False
35,1751-12-31,73.3,False
36,1752-01-31,58.3,False
37,1752-02-29,83.3,False
38,1752-03-31,118.3,False
39,1752-04-30,98.8,False
40,1752-05-31,99.5,False
41,1752-06-30,66.0,False
42,1752-07-31,130.7,False
43,1752-08-31,48.8,False
44,1752-09-30,45.2,False
45,1752-10-31,77.7,False
46,1752-11-30,62.7,False
47,1752-12-31,66.7,False
48,1753-01-31,73.3,False
49,1753-02-28,53.3,False
50,1753-03-31,76.2,False
51,1753-04-30,63.3,False
52,1753-05-31,60.0,False
53,1753-06-30,52.8,False
54,1753-07-31,36.7,False
55,1753-08-31,65.0,False
56,1753-09-30,46.7,False
57,1753-10-31,41.7,False
58,1753-11-30,33.3,False
59,1753-12-31,11.2,False
60,1754-01-31,0.0,True
61,1754-02-28,5.0,True
62,1754-03-31,2.8,True
63,1754-04-30,22.8,False
64,1754-05-31,34.5,False
65,1754-06-30,44.5,False
66,1754-07-31,31.3,False
67,1754-08-31,20.5,False
68,1754-09-30,13.7,False
69,1754-10-31,40.2,False
70,1754-11-30,22.0,False
71,1754-12-31,7.0,False
72,1755-01-31,17.0,False
73,1755-02-28,18.7,False
74,1755-03-31,11.3,False
75,1755-04-30,10.8,True
76,1755-05-31,0.0,True
77,1755-06-30,0.0,True
78,1755-07-31,14.3,False
79,1755-08-31,5.3,True
80,1755-09-30,29.7,False
81,1755-10-31,39.5,False
82,1755-11-30,11.3,False
83,1755-12-31,33.3,False
84,1756-01-31,20.8,False
85,1756-02-29,11.8,False
86,1756-03-31,9.0,False
87,1756-04-30,15.7,False
88,1756-05-31,20.8,False
89,1756-06-30,21.5,False
90,1756-07-31,6.0,True
91,1756-08-31,10.7,False
92,1756-09-30,19.7,False
93,1756-10-31,23.8,False
94,1756-11-30,28.3,False
95,1756-12-31,15.7,False
96,1757-01-31,23.5,False
97,1757-02-28,35.3,False
98,1757-03-31,43.7,False
99,1757-04-30,50.0,False
100,1757-05-31,63.5,False
101,1757-06-30,21.3,False
102,1757-07-31,41.7,False
103,1757-08-31,85.5,False
104,1757-09-30,66.2,False
105,1757-10-31,54.2,False
106,1757-11-30,107.8,False
107,1757-12-31,55.8,False
108,1758-01-31,62.7,False
109,1758-02-28,86.7,False
110,1758-03-31,81.7,False
111,1758-04-30,120.5,False
112,1758-05-31,77.3,False
113,1758-06-30,75.0,False
114,1758-07-31,73.3,False
115,1758-08-31,64.5,False
116,1758-09-30,104.2,False
117,1758-10-31,62.8,False
118,1758-11-30,71.7,False
119,1758-12-31,71.7,False
120,1759-01-31,80.5,False
121,1759-02-28,73.3,False
122,1759-03-31,78.0,False
123,1759-04-30,78.3,False
124,1759-05-31,81.7,False
125,1759-06-30,83.3,False
126,1759-07-31,85.0,False
127,1759-08-31,118.8,False
128,1759-09-30,128.7,False
129,1759-10-31,99.5,False
130,1759-11-30,77.2,False
131,1759-12-31,95.0,False
132,1760-01-31,112.2,False
133,1760-02-29,99.2,False
134,1760-03-31,124.5,False
135,1760-04-30,97.2,False
136,1760-05-31,120.0,False
137,1760-06-30,80.5,False
138,1760-07-31,110.0,False
139,1760-08-31,126.0,False
140,1760-09-30,102.2,False
141,1760-10-31,84.3,False
142,1760-11-30,99.5,False
143,1760-12-31,101.7,False
144,1761-01-31,116.7,False
145,1761-02-28,151.7,False
146,1761-03-31,134.5,False
147,1761-04-30,119.5,False
148,1761-05-31,178.7,False
149,1761-06-30,165.5,False
150,1761-07-31,156.8,False
151,1761-08-31,151.8,False
152,1761-09-30,167.8,False
153,1761-10-31,147.8,False
154,1761-11-30,149.5,False
155,1761-12-31,76.7,False
156,1762-01-31,73.0,False
157,1762-02-28,121.3,False
158,1762-03-31,76.2,False
159,1762-04-30,100.3,False
160,1762-05-31,66.5,False
161,1762-06-30,128.5,False
162,1762-07-31,56.3,False
163,1762-08-31,112.8,False
164,1762-09-30,114.2,False
165,1762-10-31,115.5,False
166,1762-11-30,129.7,False
167,1762-12-31,128.7,False
168,1763-01-31,94.2,False
169,1763-02-28,53.2,False
170,1763-03-31,57.0,False
171,1763-04-30,54.8,False
172,1763-05-31,54.5,False
173,1763-06-30,59.7,False
174,1763-07-31,90.3,False
175,1763-08-31,44.2,False
176,1763-09-30,113.5,False
177,1763-10-31,77.2,False
178,1763-11-30,101.5,False
179,1763-12-31,102.3,False
180,1764-01-31,99.5,False
181,1764-02-29,99.5,False
182,1764-03-31,67.0,False
183,1764-04-30,57.3,False
184,1764-05-31,73.8,False
185,1764-06-30,50.0,False
186,1764-07-31,50.0,False
187,1764-08-31,50.0,False
188,1764-09-30,47.0,False
189,1764-10-31,46.7,False
190,1764-11-30,43.3,False
191,1764-12-31,42.8,False
192,1765-01-31,40.0,False
193,1765-02-28,43.3,False
194,1765-03-31,41.7,False
195,1765-04-30,36.7,False
196,1765-05-31,33.7,False
197,1765-06-30,33.3,False
198,1765-07-31,45.0,False
199,1765-08-31,49.5,False
200,1765-09-30,26.7,False
201,1765-10-31,23.3,False
202,1765-11-30,23.3,False
203,1765-12-31,21.7,False
204,1766-01-31,20.0,False
205,1766-02-28,18.3,False
206,1766-03-31,61.0,False
207,1766-04-30,10.0,False
208,1766-05-31,44.7,False
209,1766-06-30,5.0,False
210,1766-07-31,5.5,False
211,1766-08-31,6.7,False
212,1766-09-30,7.2,True
213,1766-10-31,8.3,False
214,1766-11-30,9.5,False
215,1766-12-31,32.0,False
216,1767-01-31,45.7,False
217,1767-02-28,50.0,False
218,1767-03-31,71.7,False
219,1767-04-30,54.8,False
220,1767-05-31,49.7,False
221,1767-06-30,55.5,False
222,1767-07-31,36.5,False
223,1767-08-31,68.0,False
224,1767-09-30,71.2,False
225,1767-10-31,73.5,False
226,1767-11-30,91.2,False
227,1767-12-31,88.8,False
228,1768-01-31,89.2,False
229,1768-02-29,110.2,False
230,1768-03-31,77.2,False
231,1768-04-30,71.2,False
232,1768-05-31,129.5,False
233,1768-06-30,129.0,False
234,1768-07-31,87.7,False
235,1768-08-31,111.3,False
236,1768-09-30,124.7,False
237,1768-10-31,129.7,False
238,1768-11-30,151.0,False
239,1768-12-31,186.3,True
240,1769-01-31,123.2,False
241,1769-02-28,107.0,False
242,1769-03-31,107.2,False
243,1769-04-30,161.2,False
244,1769-05-31,122.7,False
245,1769-06-30,157.3,False
246,1769-07-31,197.7,True
247,1769-08-31,200.5,True
248,1769-09-30,248.0,True
249,1769-10-31,263.7,True
250,1769-11-30,246.8,True
251,1769-12-31,186.7,True
252,1770-01-31,173.3,True
253,1770-02-28,237.5,True
254,1770-03-31,133.5,False
255,1770-04-30,85.0,False
256,1770-05-31,116.8,False
257,1770-06-30,138.8,False
258,1770-07-31,183.0,True
259,1770-08-31,210.5,True
260,1770-09-30,174.0,True
261,1770-10-31,172.7,True
262,1770-11-30,220.3,True
263,1770-12-31,170.5,False
264,1771-01-31,60.0,False
265,1771-02-28,77.0,False
266,1771-03-31,77.8,False
267,1771-04-30,108.2,False
268,1771-05-31,254.5,True
269,1771-06-30,199.2,True
270,1771-07-31,112.8,False
271,1771-08-31,97.5,False
272,1771-09-30,169.0,False
273,1771-10-31,150.0,False
274,1771-11-30,166.2,False
275,1771-12-31,159.5,False
276,1772-01-31,168.2,False
277,1772-02-29,151.3,False
278,1772-03-31,51.8,False
279,1772-04-30,153.7,False
280,1772-05-31,63.3,False
281,1772-06-30,95.0,False
282,1772-07-31,128.8,False
283,1772-08-31,93.7,False
284,1772-09-30,84.2,False
285,1772-10-31,131.0,False
286,1772-11-30,102.2,False
287,1772-12-31,106.7,False
288,1773-01-31,91.0,False
289,1773-02-28,48.3,False
290,1773-03-31,85.3,False
291,1773-04-30,54.8,False
292,1773-05-31,68.5,False
293,1773-06-30,47.3,False
294,1773-07-31,46.2,False
295,1773-08-31,21.2,False
296,1773-09-30,48.8,False
297,1773-10-31,43.8,False
298,1773-11-30,68.2,False
299,1773-12-31,72.0,False
300,1774-01-31,78.0,False
301,1774-02-28,109.0,False
302,1774-03-31,92.8,False
303,1774-04-30,73.0,False
304,1774-05-31,85.5,False
305,1774-06-30,47.5,False
306,1774-07-31,29.2,False
307,1774-08-31,11.0,False
308,1774-09-30,13.2,False
309,1774-10-31,23.3,False
310,1774-11-30,29.5,False
311,1774-12-31,20.3,False
312,1775-01-31,7.3,False
313,1775-02-28,0.0,False
314,1775-03-31,19.3,False
315,1775-04-30,18.7,False
316,1775-05-31,6.5,False
317,1775-06-30,20.5,False
318,1775-07-31,1.7,False
319,1775-08-31,13.2,False
320,1775-09-30,5.3,False
321,1775-10-31,9.3,False
322,1775-11-30,25.2,False
323,1775-12-31,13.2,False
324,1776-01-31,36.2,False
325,1776-02-29,19.3,False
326,1776-03-31,10.5,False
327,1776-04-30,36.3,False
328,1776-05-31,18.7,False
329,1776-06-30,31.7,False
330,1776-07-31,1.7,False
331,1776-08-31,40.3,False
332,1776-09-30,26.7,False
333,1776-10-31,50.0,False
334,1776-11-30,58.3,False
335,1776-12-31,66.7,False
336,1777-01-31,75.0,False
337,1777-02-28,60.8,False
338,1777-03-31,65.0,False
339,1777-04-30,159.2,False
340,1777-05-31,133.8,False
341,1777-06-30,134.5,False
342,1777-07-31,158.3,False
343,1777-08-31,186.7,True
344,1777-09-30,193.7,True
345,1777-10-31,177.5,True
346,1777-11-30,243.3,True
347,1777-12-31,262.2,True
348,1778-01-31,295.5,True
349,1778-02-28,182.2,True
350,1778-03-31,223.3,True
351,1778-04-30,241.7,True
352,1778-05-31,398.2,True
353,1778-06-30,286.0,True
354,1778-07-31,255.0,True
355,1778-08-31,233.3,True
356,1778-09-30,286.2,True
357,1778-10-31,260.5,True
358,1778-11-30,250.5,True
359,1778-12-31,175.0,True
360,1779-01-31,191.2,True
361,1779-02-28,276.2,True
362,1779-03-31,196.7,True
363,1779-04-30,241.7,True
364,1779-05-31,233.3,True
365,1779-06-30,189.5,True
366,1779-07-31,238.3,True
367,1779-08-31,186.7,True
368,1779-09-30,185.0,True
369,1779-10-31,206.7,True
370,1779-11-30,190.0,True
371,1779-12-31,183.3,True
372,1780-01-31,116.7,False
373,1780-02-29,163.3,False
374,1780-03-31,163.3,False
375,1780-04-30,158.3,False
376,1780-05-31,178.7,True
377,1780-06-30,146.7,False
378,1780-07-31,143.3,False
379,1780-08-31,143.3,False
380,1780-09-30,156.2,False
381,1780-10-31,128.3,False
382,1780-11-30,100.0,False
383,1780-12-31,97.8,False
384,1781-01-31,164.5,True
385,1781-02-28,124.5,False
386,1781-03-31,88.3,False
387,1781-04-30,113.8,False
388,1781-05-31,174.5,True
389,1781-06-30,162.8,True
390,1781-07-31,122.5,False
391,1781-08-31,110.0,False
392,1781-09-30,85.0,False
393,1781-10-31,45.5,False
394,1781-11-30,111.7,False
395,1781-12-31,58.7,False
396,1782-01-31,90.0,False
397,1782-02-28,62.5,False
398,1782-03-31,61.7,False
399,1782-04-30,68.3,False
400,1782-05-31,90.5,False
401,1782-06-30,63.3,False
402,1782-07-31,61.7,False
403,1782-08-31,73.3,False
404,1782-09-30,56.7,False
405,1782-10-31,38.7,False
406,1782-11-30,52.5,False
407,1782-12-31,50.0,False
408,1783-01-31,46.7,False
409,1783-02-28,64.5,False
410,1783-03-31,44.5,False
411,1783-04-30,47.2,False
412,1783-05-31,38.3,False
413,1783-06-30,42.0,False
414,1783-07-31,53.7,False
415,1783-08-31,33.3,False
416,1783-09-30,30.0,False
417,1783-10-31,13.3,False
418,1783-11-30,25.0,False
419,1783-12-31,17.5,False
420,1784-01-31,21.7,False
421,1784-02-29,13.3,False
422,1784-03-31,18.3,False
423,1784-04-30,16.7,False
424,1784-05-31,10.0,False
425,1784-06-30,15.0,False
426,1784-07-31,10.0,False
427,1784-08-31,16.7,False
428,1784-09-30,16.7,False
429,1784-10-31,13.3,False
430,1784-11-30,28.3,False
431,1784-12-31,23.3,False
432,1785-01-31,10.8,False
433,1785-02-28,13.3,False
434,1785-03-31,15.0,False
435,1785-04-30,26.2,False
436,1785-05-31,34.5,False
437,1785-06-30,43.8,False
438,1785-07-31,60.5,False
439,1785-08-31,33.3,False
440,1785-09-30,53.3,False
441,1785-10-31,78.7,False
442,1785-11-30,67.0,False
443,1785-12-31,45.5,False
444,1786-01-31,62.0,False
445,1786-02-28,79.3,False
446,1786-03-31,79.5,False
447,1786-04-30,142.3,False
448,1786-05-31,153.8,False
449,1786-06-30,98.3,False
450,1786-07-31,138.3,False
451,1786-08-31,149.5,False
452,1786-09-30,185.8,True
453,1786-10-31,187.2,True
454,1786-11-30,193.3,True
455,1786-12-31,187.8,True
456,1787-01-31,224.5,True
457,1787-02-28,176.7,True
458,1787-03-31,145.7,False
459,1787-04-30,212.0,True
460,1787-05-31,224.7,True
461,1787-06-30,165.3,True
462,1787-07-31,213.3,True
463,1787-08-31,228.7,True
464,1787-09-30,262.2,True
465,1787-10-31,261.7,True
466,1787-11-30,235.8,True
467,1787-12-31,290.0,True
468,1788-01-31,230.0,True
469,1788-02-29,215.3,True
470,1788-03-31,238.8,True
471,1788-04-30,180.8,True
472,1788-05-31,188.3,True
473,1788-06-30,257.0,True
474,1788-07-31,235.8,True
475,1788-08-31,226.7,True
476,1788-09-30,235.0,True
477,1788-10-31,236.7,True
478,1788-11-30,157.8,False
479,1788-12-31,215.8,True
480,1789-01-31,190.0,True
481,1789-02-28,208.8,True
482,1789-03-31,200.0,True
483,1789-04-30,205.5,True
484,1789-05-31,205.8,True
485,1789-06-30,200.0,True
486,1789-07-31,195.0,True
487,1789-08-31,171.7,True
488,1789-09-30,186.7,True
489,1789-10-31,149.5,False
490,1789-11-30,223.3,True
491,1789-12-31,225.8,True
492,1790-01-31,171.7,True
493,1790-02-28,212.5,True
494,1790-03-31,160.5,False
495,1790-04-30,156.7,False
496,1790-05-31,155.0,False
497,1790-06-30,151.7,False
498,1790-07-31,115.5,False
499,1790-08-31,145.0,False
500,1790-09-30,128.8,False
501,1790-10-31,140.5,False
502,1790-11-30,136.7,False
503,1790-12-31,123.3,False
504,1791-01-31,121.2,False
505,1791-02-28,103.3,False
506,1791-03-31,123.3,False
507,1791-04-30,128.7,False
508,1791-05-31,122.8,False
509,1791-06-30,107.0,False
510,1791-07-31,118.3,False
511,1791-08-31,71.7,False
512,1791-09-30,110.8,False
513,1791-10-31,102.8,False
514,1791-11-30,111.7,False
515,1791-12-31,110.0,False
516,1792-01-31,96.7,False
517,1792-02-29,106.7,False
518,1792-03-31,105.0,False
519,1792-04-30,126.2,False
520,1792-05-31,103.3,False
521,1792-06-30,101.7,False
522,1792-07-31,76.3,False
523,1792-08-31,100.0,False
524,1792-09-30,98.3,False
525,1792-10-31,98.3,False
526,1792-11-30,95.0,False
527,1792-12-31,93.3,False
528,1793-01-31,93.3,False
529,1793-02-28,91.7,False
530,1793-03-31,92.5,False
531,1793-04-30,88.3,False
532,1793-05-31,87.2,False
533,1793-06-30,85.0,False
534,1793-07-31,83.3,False
535,1793-08-31,48.8,False
536,1793-09-30,40.0,False
537,1793-10-31,78.3,False
538,1793-11-30,73.3,False
539,1793-12-31,76.2,False
540,1794-01-31,75.0,False
541,1794-02-28,73.3,False
542,1794-03-31,63.3,False
543,1794-04-30,47.3,False
544,1794-05-31,92.8,False
545,1794-06-30,69.2,False
546,1794-07-31,68.3,False
547,1794-08-31,66.7,False
548,1794-09-30,18.5,False
549,1794-10-31,47.5,False
550,1794-11-30,112.3,False
551,1794-12-31,85.7,False
552,1795-01-31,35.7,False
553,1795-02-28,66.5,False
554,1795-03-31,21.0,False
555,1795-04-30,31.0,False
556,1795-05-31,51.7,False
557,1795-06-30,28.5,False
558,1795-07-31,21.5,False
559,1795-08-31,42.8,False
560,1795-09-30,22.5,False
561,1795-10-31,32.5,False
562,1795-11-30,41.7,False
563,1795-12-31,30.0,False
564,1796-01-31,36.7,False
565,1796-02-29,39.7,False
566,1796-03-31,26.2,False
567,1796-04-30,52.8,False
568,1796-05-31,35.0,False
569,1796-06-30,11.2,False
570,1796-07-31,44.8,False
571,1796-08-31,2.5,False
572,1796-09-30,30.7,False
573,1796-10-31,18.3,False
574,1796-11-30,14.0,False
575,1796-12-31,8.5,False
576,1797-01-31,24.0,False
577,1797-02-28,7.0,False
578,1797-03-31,6.7,False
579,1797-04-30,6.7,False
580,1797-05-31,12.2,False
581,1797-06-30,18.5,False
582,1797-07-31,7.2,False
583,1797-08-31,10.0,False
584,1797-09-30,9.5,False
585,1797-10-31,11.5,False
586,1797-11-30,9.7,False
587,1797-12-31,5.0,False
588,1798-01-31,3.3,False
589,1798-02-28,6.7,False
590,1798-03-31,20.7,False
591,1798-04-30,1.8,False
592,1798-05-31,0.0,False
593,1798-06-30,0.0,False
594,1798-07-31,0.0,False
595,1798-08-31,5.0,False
596,1798-09-30,4.0,False
597,1798-10-31,2.5,False
598,1798-11-30,20.8,False
599,1798-12-31,16.5,False
600,1799-01-31,2.7,False
601,1799-02-28,21.0,False
602,1799-03-31,36.2,False
603,1799-04-30,14.0,False
604,1799-05-31,13.7,False
605,1799-06-30,17.7,False
606,1799-07-31,3.5,False
607,1799-08-31,0.0,False
608,1799-09-30,0.0,False
609,1799-10-31,7.7,False
610,1799-11-30,4.5,False
611,1799-12-31,14.3,False
612,1800-01-31,11.5,False
613,1800-02-28,15.5,False
614,1800-03-31,23.2,False
615,1800-04-30,0.0,False
616,1800-05-31,8.3,False
617,1800-06-30,39.5,False
618,1800-07-31,35.0,False
619,1800-08-31,32.5,False
620,1800-09-30,19.2,False
621,1800-10-31,20.5,False
622,1800-11-30,17.5,False
623,1800-12-31,66.8,False
624,1801-01-31,45.0,False
625,1801-02-28,48.3,False
626,1801-03-31,50.0,False
627,1801-04-30,51.7,False
628,1801-05-31,53.3,False
629,1801-06-30,52.0,False
630,1801-07-31,58.3,False
631,1801-08-31,64.5,False
632,1801-09-30,55.8,False
633,1801-10-31,54.3,False
634,1801-11-30,66.3,False
635,1801-12-31,80.3,False
636,1802-01-31,79.7,False
637,1802-02-28,78.3,False
638,1802-03-31,68.0,False
639,1802-04-30,70.0,False
640,1802-05-31,73.3,False
641,1802-06-30,76.7,False
642,1802-07-31,80.0,False
643,1802-08-31,83.3,False
644,1802-09-30,86.3,False
645,1802-10-31,64.2,False
646,1802-11-30,57.5,False
647,1802-12-31,83.3,False
648,1803-01-31,83.3,False
649,1803-02-28,84.7,False
650,1803-03-31,49.2,False
651,1803-04-30,41.7,False
652,1803-05-31,73.8,False
653,1803-06-30,60.0,False
654,1803-07-31,80.5,False
655,1803-08-31,56.8,False
656,1803-09-30,75.5,False
657,1803-10-31,90.5,False
658,1803-11-30,85.0,False
659,1803-12-31,80.0,False
660,1804-01-31,75.5,False
661,1804-02-29,80.5,False
662,1804-03-31,80.0,False
663,1804-04-30,84.3,False
664,1804-05-31,55.7,False
665,1804-06-30,58.0,False
666,1804-07-31,49.7,False
667,1804-08-31,71.8,False
668,1804-09-30,88.3,False
669,1804-10-31,103.8,False
670,1804-11-30,101.7,False
671,1804-12-31,100.0,False
672,1805-01-31,101.7,False
673,1805-02-28,73.5,False
674,1805-03-31,85.7,False
675,1805-04-30,62.5,False
676,1805-05-31,65.0,False
677,1805-06-30,67.5,False
678,1805-07-31,62.7,False
679,1805-08-31,71.2,False
680,1805-09-30,74.0,False
681,1805-10-31,49.0,False
682,1805-11-30,68.3,False
683,1805-12-31,63.8,False
684,1806-01-31,65.0,False
685,1806-02-28,49.3,False
686,1806-03-31,54.5,False
687,1806-04-30,46.2,False
688,1806-05-31,44.0,False
689,1806-06-30,42.7,False
690,1806-07-31,50.0,False
691,1806-08-31,43.8,False
692,1806-09-30,40.0,False
693,1806-10-31,45.0,False
694,1806-11-30,41.7,False
695,1806-12-31,40.0,False
696,1807-01-31,20.0,False
697,1807-02-28,20.3,False
698,1807-03-31,16.0,False
699,1807-04-30,39.7,False
700,1807-05-31,16.7,False
701,1807-06-30,20.0,False
702,1807-07-31,21.2,False
703,1807-08-31,20.0,False
704,1807-09-30,9.5,False
705,1807-10-31,13.3,False
706,1807-11-30,4.3,False
707,1807-12-31,0.0,False
708,1808-01-31,0.0,False
709,1808-02-29,7.5,False
710,1808-03-31,0.0,False
711,1808-04-30,20.5,False
712,1808-05-31,22.5,False
713,1808-06-30,22.5,False
714,1808-07-31,11.2,False
715,1808-08-31,13.3,False
716,1808-09-30,19.5,False
717,1808-10-31,7.8,False
718,1808-11-30,17.5,False
719,1808-12-31,20.5,False
720,1809-01-31,12.0,False
721,1809-02-28,15.3,False
722,1809-03-31,1.5,False
723,1809-04-30,4.2,False
724,1809-05-31,3.3,False
725,1809-06-30,12.8,False
726,1809-07-31,0.5,False
727,1809-08-31,0.3,False
728,1809-09-30,0.7,False
729,1809-10-31,0.0,False
730,1809-11-30,0.0,False
731,1809-12-31,0.0,False
732,1810-01-31,0.0,False
733,1810-02-28,0.0,False
734,1810-03-31,0.0,False
735,1810-04-30,0.0,False
736,1810-05-31,0.0,False
737,1810-06-30,0.0,False
738,1810-07-31,0.0,False
739,1810-08-31,0.0,False
740,1810-09-30,0.0,False
741,1810-10-31,0.0,False
742,1810-11-30,0.0,False
743,1810-12-31,0.0,False
744,1811-01-31,0.0,False
745,1811-02-28,0.0,False
746,1811-03-31,0.0,False
747,1811-04-30,0.0,False
748,1811-05-31,0.0,False
749,1811-06-30,0.0,False
750,1811-07-31,11.0,False
751,1811-08-31,0.0,False
752,1811-09-30,4.0,False
753,1811-10-31,10.2,False
754,1811-11-30,1.3,False
755,1811-12-31,1.8,False
756,1812-01-31,18.8,False
757,1812-02-29,3.2,False
758,1812-03-31,1.2,False
759,1812-04-30,0.0,False
760,1812-05-31,1.7,False
761,1812-06-30,2.2,False
762,1812-07-31,0.8,False
763,1812-08-31,26.0,False
764,1812-09-30,8.7,False
765,1812-10-31,6.5,False
766,1812-11-30,13.2,False
767,1812-12-31,16.8,False
768,1813-01-31,0.0,False
769,1813-02-28,17.2,False
770,1813-03-31,3.2,False
771,1813-04-30,27.7,False
772,1813-05-31,9.2,False
773,1813-06-30,18.7,False
774,1813-07-31,30.5,False
775,1813-08-31,14.0,False
776,1813-09-30,25.5,False
777,1813-10-31,46.3,False
778,1813-11-30,27.8,False
779,1813-12-31,23.8,False
780,1814-01-31,37.0,False
781,1814-02-28,20.0,False
782,1814-03-31,9.5,False
783,1814-04-30,39.7,False
784,1814-05-31,9.7,False
785,1814-06-30,24.8,False
786,1814-07-31,30.8,False
787,1814-08-31,3.8,False
788,1814-09-30,13.5,False
789,1814-10-31,32.2,False
790,1814-11-30,24.2,False
791,1814-12-31,33.5,False
792,1815-01-31,32.0,False
793,1815-02-28,53.7,False
794,1815-03-31,43.7,False
795,1815-04-30,52.7,False
796,1815-05-31,16.3,False
797,1815-06-30,93.2,False
798,1815-07-31,59.2,False
799,1815-08-31,78.7,False
800,1815-09-30,52.5,False
801,1815-10-31,55.8,False
802,1815-11-30,62.0,False
803,1815-12-31,108.3,False
804,1816-01-31,43.8,False
805,1816-02-29,114.7,False
806,1816-03-31,122.8,False
807,1816-04-30,98.0,False
808,1816-05-31,73.8,False
809,1816-06-30,72.7,False
810,1816-07-31,64.7,False
811,1816-08-31,38.7,False
812,1816-09-30,79.7,False
813,1816-10-31,94.0,False
814,1816-11-30,63.5,False
815,1816-12-31,49.8,False
816,1817-01-31,60.7,False
817,1817-02-28,96.5,False
818,1817-03-31,160.3,True
819,1817-04-30,44.0,False
820,1817-05-31,35.3,False
821,1817-06-30,66.7,False
822,1817-07-31,83.3,False
823,1817-08-31,75.0,False
824,1817-09-30,61.2,False
825,1817-10-31,42.7,False
826,1817-11-30,48.2,False
827,1817-12-31,47.3,False
828,1818-01-31,58.1,False
829,1818-02-28,37.4,False
830,1818-03-31,42.4,False
831,1818-04-30,57.5,False
832,1818-05-31,88.5,False
833,1818-06-30,60.8,False
834,1818-07-31,46.8,False
835,1818-08-31,52.6,False
836,1818-09-30,43.4,False
837,1818-10-31,52.8,False
838,1818-11-30,18.3,False
839,1818-12-31,43.0,False
840,1819-01-31,54.7,False
841,1819-02-28,34.6,False
842,1819-03-31,6.3,False
843,1819-04-30,33.7,False
844,1819-05-31,32.6,False
845,1819-06-30,58.3,False
846,1819-07-31,52.5,False
847,1819-08-31,43.5,False
848,1819-09-30,24.8,False
849,1819-10-31,45.9,False
850,1819-11-30,41.8,False
851,1819-12-31,50.9,False
852,1820-01-31,32.0,False
853,1820-02-29,44.4,False
854,1820-03-31,7.5,False
855,1820-04-30,32.3,False
856,1820-05-31,48.9,False
857,1820-06-30,17.9,False
858,1820-07-31,34.1,False
859,1820-08-31,43.1,False
860,1820-09-30,8.6,False
861,1820-10-31,14.9,False
862,1820-11-30,13.2,False
863,1820-12-31,15.1,False
864,1821-01-31,36.0,False
865,1821-02-28,7.0,False
866,1821-03-31,9.5,False
867,1821-04-30,15.2,False
868,1821-05-31,2.8,False
869,1821-06-30,3.0,False
870,1821-07-31,4.3,False
871,1821-08-31,8.0,False
872,1821-09-30,7.3,False
873,1821-10-31,31.4,False
874,1821-11-30,7.3,False
875,1821-12-31,0.4,False
876,1822-01-31,0.0,False
877,1822-02-28,1.5,False
878,1822-03-31,26.9,False
879,1822-04-30,21.7,False
880,1822-05-31,2.4,False
881,1822-06-30,9.3,False
882,1822-07-31,13.2,False
883,1822-08-31,3.4,False
884,1822-09-30,0.0,False
885,1822-10-31,0.6,False
886,1822-11-30,0.0,False
887,1822-12-31,0.0,False
888,1823-01-31,0.0,False
889,1823-02-28,0.0,False
890,1823-03-31,1.0,False
891,1823-04-30,0.0,False
892,1823-05-31,0.0,False
893,1823-06-30,0.0,False
894,1823-07-31,0.8,False
895,1823-08-31,0.0,False
896,1823-09-30,0.0,False
897,1823-10-31,0.0,False
898,1823-11-30,0.0,False
899,1823-12-31,34.0,False
900,1824-01-31,36.0,False
901,1824-02-29,18.0,False
902,1824-03-31,0.0,False
903,1824-04-30,32.3,False
904,1824-05-31,4.6,False
905,1824-06-30,0.0,False
906,1824-07-31,0.0,False
907,1824-08-31,2.3,False
908,1824-09-30,34.3,False
909,1824-10-31,42.0,False
910,1824-11-30,0.0,False
911,1824-12-31,1.4,False
912,1825-01-31,8.4,False
913,1825-02-28,25.9,False
914,1825-03-31,37.4,False
915,1825-04-30,6.2,False
916,1825-05-31,25.8,False
917,1825-06-30,25.6,False
918,1825-07-31,51.5,False
919,1825-08-31,42.8,False
920,1825-09-30,26.2,False
921,1825-10-31,26.0,False
922,1825-11-30,19.6,False
923,1825-12-31,36.7,False
924,1826-01-31,29.4,False
925,1826-02-28,30.2,False
926,1826-03-31,61.3,False
927,1826-04-30,40.0,False
928,1826-05-31,53.9,False
929,1826-06-30,61.7,False
930,1826-07-31,87.5,False
931,1826-08-31,66.0,False
932,1826-09-30,31.6,False
933,1826-10-31,84.4,False
934,1826-11-30,65.8,False
935,1826-12-31,113.6,False
936,1827-01-31,57.7,False
937,1827-02-28,79.0,False
938,1827-03-31,96.3,False
939,1827-04-30,76.7,False
940,1827-05-31,93.8,False
941,1827-06-30,94.4,False
942,1827-07-31,70.4,False
943,1827-08-31,89.4,False
944,1827-09-30,82.6,False
945,1827-10-31,93.5,False
946,1827-11-30,80.4,False
947,1827-12-31,76.8,False
948,1828-01-31,88.0,False
949,1828-02-29,107.3,False
950,1828-03-31,108.5,False
951,1828-04-30,101.9,False
952,1828-05-31,148.6,False
953,1828-06-30,163.4,True
954,1828-07-31,90.4,False
955,1828-08-31,127.3,False
956,1828-09-30,83.9,False
957,1828-10-31,91.1,False
958,1828-11-30,95.0,False
959,1828-12-31,78.1,False
960,1829-01-31,71.6,False
961,1829-02-28,82.3,False
962,1829-03-31,120.6,False
963,1829-04-30,158.4,True
964,1829-05-31,112.3,False
965,1829-06-30,123.2,False
966,1829-07-31,151.5,False
967,1829-08-31,129.3,False
968,1829-09-30,88.0,False
969,1829-10-31,95.3,False
970,1829-11-30,112.7,False
971,1829-12-31,94.1,False
972,1830-01-31,87.0,False
973,1830-02-28,120.1,False
974,1830-03-31,141.0,False
975,1830-04-30,177.3,True
976,1830-05-31,110.5,False
977,1830-06-30,108.4,False
978,1830-07-31,73.2,False
979,1830-08-31,84.6,False
980,1830-09-30,103.4,False
981,1830-10-31,140.6,False
982,1830-11-30,135.4,False
983,1830-12-31,136.8,False
984,1831-01-31,79.0,False
985,1831-02-28,83.6,False
986,1831-03-31,155.8,False
987,1831-04-30,90.9,False
988,1831-05-31,63.4,False
989,1831-06-30,55.6,False
990,1831-07-31,75.4,False
991,1831-08-31,91.6,False
992,1831-09-30,63.2,False
993,1831-10-31,77.1,False
994,1831-11-30,72.5,False
995,1831-12-31,48.3,False
996,1832-01-31,51.5,False
997,1832-02-29,92.6,False
998,1832-03-31,91.9,False
999,1832-04-30,44.8,False
1000,1832-05-31,68.9,False
1001,1832-06-30,44.5,False
1002,1832-07-31,23.3,False
1003,1832-08-31,14.8,False
1004,1832-09-30,13.7,False
1005,1832-10-31,35.2,False
1006,1832-11-30,23.8,False
1007,1832-12-31,45.8,False
1008,1833-01-31,18.7,False
1009,1833-02-28,24.9,False
1010,1833-03-31,19.6,False
1011,1833-04-30,4.6,False
1012,1833-05-31,21.5,False
1013,1833-06-30,1.7,False
1014,1833-07-31,11.6,False
1015,1833-08-31,9.5,False
1016,1833-09-30,19.3,False
1017,1833-10-31,12.5,False
1018,1833-11-30,9.8,False
1019,1833-12-31,16.6,False
1020,1834-01-31,8.2,False
1021,1834-02-28,30.1,False
1022,1834-03-31,6.5,False
1023,1834-04-30,2.4,False
1024,1834-05-31,14.8,False
1025,1834-06-30,13.1,False
1026,1834-07-31,14.4,False
1027,1834-08-31,6.6,False
1028,1834-09-30,19.2,False
1029,1834-10-31,41.3,False
1030,1834-11-30,50.9,False
1031,1834-12-31,57.5,False
1032,1835-01-31,12.4,False
1033,1835-02-28,40.7,False
1034,1835-03-31,32.7,False
1035,1835-04-30,102.4,False
1036,1835-05-31,72.6,False
1037,1835-06-30,55.2,False
1038,1835-07-31,99.6,False
1039,1835-08-31,98.5,False
1040,1835-09-30,168.0,True
1041,1835-10-31,158.6,False
1042,1835-11-30,166.7,False
1043,1835-12-31,129.3,False
1044,1836-01-31,147.6,False
1045,1836-02-29,179.4,True
1046,1836-03-31,163.7,True
1047,1836-04-30,238.0,True
1048,1836-05-31,185.7,True
1049,1836-06-30,207.9,True
1050,1836-07-31,194.6,True
1051,1836-08-31,179.6,True
1052,1836-09-30,158.5,False
1053,1836-10-31,228.9,True
1054,1836-11-30,201.5,True
1055,1836-12-31,343.8,True
1056,1837-01-31,313.4,True
1057,1837-02-28,292.6,True
1058,1837-03-31,224.3,True
1059,1837-04-30,230.3,True
1060,1837-05-31,186.1,True
1061,1837-06-30,263.4,True
1062,1837-07-31,271.2,True
1063,1837-08-31,223.5,True
1064,1837-09-30,160.4,True
1065,1837-10-31,206.2,True
1066,1837-11-30,178.4,True
1067,1837-12-31,216.1,True
1068,1838-01-31,241.5,True
1069,1838-02-28,141.3,False
1070,1838-03-31,234.5,True
1071,1838-04-30,211.1,True
1072,1838-05-31,229.4,True
1073,1838-06-30,157.6,False
1074,1838-07-31,180.4,True
1075,1838-08-31,131.3,False
1076,1838-09-30,122.7,False
1077,1838-10-31,151.5,False
1078,1838-11-30,129.2,False
1079,1838-12-31,132.9,False
1080,1839-01-31,175.9,True
1081,1839-02-28,170.8,True
1082,1839-03-31,129.5,False
1083,1839-04-30,102.9,False
1084,1839-05-31,89.6,False
1085,1839-06-30,91.2,False
1086,1839-07-31,141.3,False
1087,1839-08-31,218.8,True
1088,1839-09-30,221.1,True
1089,1839-10-31,151.5,False
1090,1839-11-30,114.7,False
1091,1839-12-31,106.2,False
1092,1840-01-31,135.4,False
1093,1840-02-29,146.1,False
1094,1840-03-31,112.9,False
1095,1840-04-30,109.8,False
1096,1840-05-31,115.4,False
1097,1840-06-30,80.9,False
1098,1840-07-31,101.0,False
1099,1840-08-31,96.4,False
1100,1840-09-30,123.3,False
1101,1840-10-31,91.7,False
1102,1840-11-30,90.4,False
1103,1840-12-31,89.5,False
1104,1841-01-31,40.1,False
1105,1841-02-28,49.9,False
1106,1841-03-31,49.6,False
1107,1841-04-30,66.9,False
1108,1841-05-31,112.4,False
1109,1841-06-30,92.8,False
1110,1841-07-31,51.4,False
1111,1841-08-31,65.4,False
1112,1841-09-30,60.9,False
1113,1841-10-31,47.4,False
1114,1841-11-30,32.9,False
1115,1841-12-31,64.8,False
1116,1842-01-31,34.0,False
1117,1842-02-28,36.8,False
1118,1842-03-31,36.2,False
1119,1842-04-30,44.9,False
1120,1842-05-31,41.4,False
1121,1842-06-30,34.2,False
1122,1842-07-31,21.0,False
1123,1842-08-31,44.4,False
1124,1842-09-30,30.6,False
1125,1842-10-31,63.5,False
1126,1842-11-30,67.5,False
1127,1842-12-31,29.3,False
1128,1843-01-31,22.2,False
1129,1843-02-28,5.9,False
1130,1843-03-31,13.9,False
1131,1843-04-30,15.8,False
1132,1843-05-31,35.1,False
1133,1843-06-30,17.6,False
1134,1843-07-31,15.9,False
1135,1843-08-31,19.6,False
1136,1843-09-30,6.9,False
1137,1843-10-31,8.9,False
1138,1843-11-30,31.7,False
1139,1843-12-31,21.2,False
1140,1844-01-31,15.7,False
1141,1844-02-29,24.5,False
1142,1844-03-31,22.5,False
1143,1844-04-30,34.6,False
1144,1844-05-31,19.2,False
1145,1844-06-30,6.2,False
1146,1844-07-31,35.2,False
1147,1844-08-31,39.7,False
1148,1844-09-30,11.6,False
1149,1844-10-31,35.9,False
1150,1844-11-30,17.9,False
1151,1844-12-31,36.0,False
1152,1845-01-31,42.8,False
1153,1845-02-28,72.8,False
1154,1845-03-31,72.1,False
1155,1845-04-30,95.0,False
1156,1845-05-31,79.7,False
1157,1845-06-30,51.8,False
1158,1845-07-31,51.0,False
1159,1845-08-31,53.9,False
1160,1845-09-30,49.3,False
1161,1845-10-31,67.8,False
1162,1845-11-30,65.7,False
1163,1845-12-31,99.5,False
1164,1846-01-31,64.6,False
1165,1846-02-28,84.9,False
1166,1846-03-31,106.5,False
1167,1846-04-30,115.5,False
1168,1846-05-31,99.9,False
1169,1846-06-30,108.4,False
1170,1846-07-31,77.5,False
1171,1846-08-31,91.3,False
1172,1846-09-30,178.6,True
1173,1846-10-31,93.4,False
1174,1846-11-30,100.6,False
1175,1846-12-31,109.1,False
1176,1847-01-31,104.4,False
1177,1847-02-28,74.9,False
1178,1847-03-31,143.0,False
1179,1847-04-30,74.6,False
1180,1847-05-31,125.7,False
1181,1847-06-30,142.2,False
1182,1847-07-31,87.1,False
1183,1847-08-31,234.3,True
1184,1847-09-30,268.2,True
1185,1847-10-31,300.6,True
1186,1847-11-30,231.5,True
1187,1847-12-31,182.6,True
1188,1848-01-31,265.2,True
1189,1848-02-29,186.4,True
1190,1848-03-31,181.2,True
1191,1848-04-30,178.6,True
1192,1848-05-31,170.5,True
1193,1848-06-30,214.9,True
1194,1848-07-31,232.0,True
1195,1848-08-31,220.9,True
1196,1848-09-30,167.3,True
1197,1848-10-31,220.6,True
1198,1848-11-30,191.0,True
1199,1848-12-31,265.8,True
1200,1849-01-31,298.3,True
1201,1849-02-28,250.3,True
1202,1849-03-31,182.7,True
1203,1849-04-30,194.7,True
1204,1849-05-31,153.2,False
1205,1849-06-30,154.2,False
1206,1849-07-31,148.2,False
1207,1849-08-31,128.6,False
1208,1849-09-30,178.0,True
1209,1849-10-31,135.7,False
1210,1849-11-30,188.2,True
1211,1849-12-31,184.3,True
1212,1850-01-31,148.2,False
1213,1850-02-28,169.8,True
1214,1850-03-31,156.8,False
1215,1850-04-30,83.8,False
1216,1850-05-31,117.0,False
1217,1850-06-30,133.0,False
1218,1850-07-31,74.3,False
1219,1850-08-31,117.0,False
1220,1850-09-30,163.7,False
1221,1850-10-31,134.9,False
1222,1850-11-30,104.1,False
1223,1850-12-31,115.9,False
1224,1851-01-31,143.5,False
1225,1851-02-28,200.1,True
1226,1851-03-31,122.8,False
1227,1851-04-30,107.3,False
1228,1851-05-31,118.9,False
1229,1851-06-30,120.0,False
1230,1851-07-31,68.6,False
1231,1851-08-31,109.0,False
1232,1851-09-30,128.9,False
1233,1851-10-31,118.7,False
1234,1851-11-30,96.8,False
1235,1851-12-31,135.5,False
1236,1852-01-31,129.9,False
1237,1852-02-29,126.2,False
1238,1852-03-31,116.2,False
1239,1852-04-30,124.3,False
1240,1852-05-31,104.3,False
1241,1852-06-30,89.0,False
1242,1852-07-31,80.0,False
1243,1852-08-31,75.3,False
1244,1852-09-30,71.2,False
1245,1852-10-31,127.9,False
1246,1852-11-30,103.1,False
1247,1852-12-31,86.1,False
1248,1853-01-31,77.9,False
1249,1853-02-28,81.5,False
1250,1853-03-31,71.6,False
1251,1853-04-30,90.4,False
1252,1853-05-31,65.9,False
1253,1853-06-30,76.0,False
1254,1853-07-31,87.2,False
1255,1853-08-31,95.8,False
1256,1853-09-30,63.7,False
1257,1853-10-31,80.5,False
1258,1853-11-30,54.7,False
1259,1853-12-31,44.5,False
1260,1854-01-31,29.3,False
1261,1854-02-28,38.0,False
1262,1854-03-31,39.4,False
1263,1854-04-30,50.3,False
1264,1854-05-31,45.6,False
1265,1854-06-30,40.1,False
1266,1854-07-31,35.5,False
1267,1854-08-31,30.1,False
1268,1854-09-30,42.6,False
1269,1854-10-31,24.1,False
1270,1854-11-30,53.5,False
1271,1854-12-31,41.1,False
1272,1855-01-31,23.4,False
1273,1855-02-28,21.6,False
1274,1855-03-31,33.0,False
1275,1855-04-30,8.4,False
1276,1855-05-31,17.3,False
1277,1855-06-30,10.0,False
1278,1855-07-31,0.7,True
1279,1855-08-31,5.9,False
1280,1855-09-30,0.0,False
1281,1855-10-31,18.3,False
1282,1855-11-30,7.9,False
1283,1855-12-31,5.8,False
1284,1856-01-31,1.0,False
1285,1856-02-29,9.3,False
1286,1856-03-31,0.7,False
1287,1856-04-30,12.4,False
1288,1856-05-31,0.0,False
1289,1856-06-30,9.8,False
1290,1856-07-31,8.8,False
1291,1856-08-31,11.3,False
1292,1856-09-30,8.4,False
1293,1856-10-31,8.5,False
1294,1856-11-30,14.7,False
1295,1856-12-31,13.7,False
1296,1857-01-31,26.0,False
1297,1857-02-28,14.2,False
1298,1857-03-31,10.0,False
1299,1857-04-30,21.1,False
1300,1857-05-31,54.2,False
1301,1857-06-30,30.5,False
1302,1857-07-31,42.2,False
1303,1857-08-31,32.0,False
1304,1857-09-30,80.6,False
1305,1857-10-31,77.1,False
1306,1857-11-30,59.6,False
1307,1857-12-31,70.7,False
1308,1858-01-31,74.2,False
1309,1858-02-28,66.3,False
1310,1858-03-31,109.2,False
1311,1858-04-30,72.8,False
1312,1858-05-31,78.6,False
1313,1858-06-30,84.5,False
1314,1858-07-31,107.7,False
1315,1858-08-31,104.9,False
1316,1858-09-30,152.2,False
1317,1858-10-31,173.2,True
1318,1858-11-30,98.6,False
1319,1858-12-31,127.0,False
1320,1859-01-31,159.0,True
1321,1859-02-28,166.4,False
1322,1859-03-31,171.5,True
1323,1859-04-30,162.9,False
1324,1859-05-31,172.8,True
1325,1859-06-30,165.2,False
1326,1859-07-31,180.7,True
1327,1859-08-31,203.0,True
1328,1859-09-30,200.9,True
1329,1859-10-31,217.8,True
1330,1859-11-30,184.6,True
1331,1859-12-31,153.9,False
1332,1860-01-31,156.6,False
1333,1860-02-29,167.9,False
1334,1860-03-31,188.0,True
1335,1860-04-30,135.7,False
1336,1860-05-31,203.5,True
1337,1860-06-30,206.3,True
1338,1860-07-31,221.9,True
1339,1860-08-31,190.5,True
1340,1860-09-30,175.2,True
1341,1860-10-31,171.1,True
1342,1860-11-30,186.0,True
1343,1860-12-31,181.7,True
1344,1861-01-31,118.5,False
1345,1861-02-28,147.5,False
1346,1861-03-31,192.0,True
1347,1861-04-30,187.1,True
1348,1861-05-31,107.8,False
1349,1861-06-30,167.5,True
1350,1861-07-31,148.2,False
1351,1861-08-31,156.7,False
1352,1861-09-30,151.9,False
1353,1861-10-31,127.7,False
1354,1861-11-30,102.0,False
1355,1861-12-31,152.8,False
1356,1862-01-31,119.9,False
1357,1862-02-28,122.4,False
1358,1862-03-31,82.7,False
1359,1862-04-30,102.1,False
1360,1862-05-31,122.4,False
1361,1862-06-30,159.7,False
1362,1862-07-31,139.5,False
1363,1862-08-31,118.7,False
1364,1862-09-30,126.4,False
1365,1862-10-31,79.8,False
1366,1862-11-30,96.0,False
1367,1862-12-31,77.6,False
1368,1863-01-31,91.8,False
1369,1863-02-28,107.7,False
1370,1863-03-31,126.0,False
1371,1863-04-30,77.1,False
1372,1863-05-31,102.1,False
1373,1863-06-30,77.6,False
1374,1863-07-31,62.0,False
1375,1863-08-31,91.3,False
1376,1863-09-30,41.7,False
1377,1863-10-31,75.7,False
1378,1863-11-30,71.6,False
1379,1863-12-31,78.1,False
1380,1864-01-31,109.7,False
1381,1864-02-29,89.5,False
1382,1864-03-31,125.9,False
1383,1864-04-30,68.1,False
1384,1864-05-31,77.1,False
1385,1864-06-30,109.9,False
1386,1864-07-31,103.8,False
1387,1864-08-31,104.1,False
1388,1864-09-30,54.2,False
1389,1864-10-31,64.4,False
1390,1864-11-30,109.3,False
1391,1864-12-31,54.3,False
1392,1865-01-31,92.5,False
1393,1865-02-28,74.6,False
1394,1865-03-31,75.0,False
1395,1865-04-30,55.9,False
1396,1865-05-31,65.6,False
1397,1865-06-30,63.8,False
1398,1865-07-31,50.8,False
1399,1865-08-31,71.8,False
1400,1865-09-30,41.0,False
1401,1865-10-31,32.5,False
1402,1865-11-30,46.7,False
1403,1865-12-31,24.3,False
1404,1866-01-31,60.0,False
1405,1866-02-28,72.9,False
1406,1866-03-31,46.6,False
1407,1866-04-30,33.5,False
1408,1866-05-31,24.6,False
1409,1866-06-30,31.4,False
1410,1866-07-31,17.6,False
1411,1866-08-31,24.2,False
1412,1866-09-30,13.9,False
1413,1866-10-31,26.8,False
1414,1866-11-30,17.2,False
1415,1866-12-31,2.9,False
1416,1867-01-31,0.0,False
1417,1867-02-28,1.4,False
1418,1867-03-31,17.4,False
1419,1867-04-30,9.7,False
1420,1867-05-31,5.5,False
1421,1867-06-30,2.8,False
1422,1867-07-31,9.5,False
1423,1867-08-31,9.1,False
1424,1867-09-30,18.7,False
1425,1867-10-31,25.5,False
1426,1867-11-30,18.1,False
1427,1867-12-31,47.9,False
1428,1868-01-31,25.9,False
1429,1868-02-29,26.3,False
1430,1868-03-31,44.0,False
1431,1868-04-30,61.1,False
1432,1868-05-31,44.5,False
1433,1868-06-30,51.8,False
1434,1868-07-31,48.3,False
1435,1868-08-31,57.3,False
1436,1868-09-30,78.7,False
1437,1868-10-31,102.8,False
1438,1868-11-30,98.7,False
1439,1868-12-31,112.8,False
1440,1869-01-31,101.6,False
1441,1869-02-28,99.9,False
1442,1869-03-31,88.0,False
1443,1869-04-30,68.4,False
1444,1869-05-31,173.4,True
1445,1869-06-30,180.7,True
1446,1869-07-31,98.8,False
1447,1869-08-31,132.7,False
1448,1869-09-30,134.5,False
1449,1869-10-31,99.0,False
1450,1869-11-30,130.2,False
1451,1869-12-31,174.1,True
1452,1870-01-31,129.0,False
1453,1870-02-28,191.7,True
1454,1870-03-31,262.7,True
1455,1870-04-30,266.9,True
1456,1870-05-31,293.6,True
1457,1870-06-30,226.3,True
1458,1870-07-31,220.9,True
1459,1870-08-31,256.5,True
1460,1870-09-30,226.8,True
1461,1870-10-31,244.3,True
1462,1870-11-30,246.0,True
1463,1870-12-31,216.7,True
1464,1871-01-31,147.2,False
1465,1871-02-28,209.0,True
1466,1871-03-31,238.7,True
1467,1871-04-30,270.9,True
1468,1871-05-31,242.6,True
1469,1871-06-30,152.9,False
1470,1871-07-31,171.8,True
1471,1871-08-31,183.7,True
1472,1871-09-30,133.9,False
1473,1871-10-31,148.5,False
1474,1871-11-30,175.7,True
1475,1871-12-31,150.8,False
1476,1872-01-31,132.7,False
1477,1872-02-29,200.3,True
1478,1872-03-31,147.5,False
1479,1872-04-30,170.4,True
1480,1872-05-31,179.5,True
1481,1872-06-30,183.3,True
1482,1872-07-31,176.0,True
1483,1872-08-31,155.0,False
1484,1872-09-30,191.1,True
1485,1872-10-31,171.2,True
1486,1872-11-30,186.8,True
1487,1872-12-31,139.9,False
1488,1873-01-31,144.6,False
1489,1873-02-28,178.4,True
1490,1873-03-31,164.0,False
1491,1873-04-30,127.1,False
1492,1873-05-31,80.0,False
1493,1873-06-30,74.8,False
1494,1873-07-31,111.7,False
1495,1873-08-31,113.8,False
1496,1873-09-30,78.7,False
1497,1873-10-31,78.6,False
1498,1873-11-30,92.5,False
1499,1873-12-31,82.0,False
1500,1874-01-31,101.4,False
1501,1874-02-28,107.1,False
1502,1874-03-31,77.5,False
1503,1874-04-30,53.5,False
1504,1874-05-31,74.6,False
1505,1874-06-30,63.8,False
1506,1874-07-31,113.2,False
1507,1874-08-31,102.3,False
1508,1874-09-30,46.8,False
1509,1874-10-31,57.4,False
1510,1874-11-30,48.2,False
1511,1874-12-31,48.8,False
1512,1875-01-31,24.4,False
1513,1875-02-28,35.9,False
1514,1875-03-31,56.4,False
1515,1875-04-30,48.6,False
1516,1875-05-31,19.2,False
1517,1875-06-30,39.9,False
1518,1875-07-31,20.9,False
1519,1875-08-31,24.4,False
1520,1875-09-30,4.0,False
1521,1875-10-31,21.3,False
1522,1875-11-30,29.6,False
1523,1875-12-31,16.5,False
1524,1876-01-31,23.9,False
1525,1876-02-29,25.1,False
1526,1876-03-31,51.1,False
1527,1876-04-30,3.9,False
1528,1876-05-31,8.5,False
1529,1876-06-30,2.7,False
1530,1876-07-31,25.5,False
1531,1876-08-31,14.8,False
1532,1876-09-30,16.6,False
1533,1876-10-31,23.9,False
1534,1876-11-30,16.6,False
1535,1876-12-31,13.6,False
1536,1877-01-31,40.6,False
1537,1877-02-28,14.5,False
1538,1877-03-31,19.9,False
1539,1877-04-30,26.3,False
1540,1877-05-31,36.1,False
1541,1877-06-30,23.6,False
1542,1877-07-31,10.0,False
1543,1877-08-31,10.5,False
1544,1877-09-30,28.1,False
1545,1877-10-31,11.2,False
1546,1877-11-30,23.6,False
1547,1877-12-31,3.5,False
1548,1878-01-31,5.5,False
1549,1878-02-28,11.0,False
1550,1878-03-31,13.1,False
1551,1878-04-30,0.2,False
1552,1878-05-31,9.9,False
1553,1878-06-30,10.7,False
1554,1878-07-31,0.2,False
1555,1878-08-31,0.0,False
1556,1878-09-30,8.8,False
1557,1878-10-31,1.9,False
1558,1878-11-30,6.8,False
1559,1878-12-31,0.9,False
1560,1879-01-31,1.6,False
1561,1879-02-28,0.9,False
1562,1879-03-31,0.0,False
1563,1879-04-30,10.4,False
1564,1879-05-31,4.0,False
1565,1879-06-30,8.0,False
1566,1879-07-31,12.6,False
1567,1879-08-31,17.9,False
1568,1879-09-30,10.1,False
1569,1879-10-31,20.4,False
1570,1879-11-30,21.9,False
1571,1879-12-31,12.2,False
1572,1880-01-31,40.1,False
1573,1880-02-29,45.4,False
1574,1880-03-31,32.1,False
1575,1880-04-30,32.4,False
1576,1880-05-31,39.1,False
1577,1880-06-30,56.9,False
1578,1880-07-31,36.5,False
1579,1880-08-31,80.3,False
1580,1880-09-30,110.1,False
1581,1880-10-31,71.7,False
1582,1880-11-30,51.1,False
1583,1880-12-31,49.4,False
1584,1881-01-31,60.6,False
1585,1881-02-28,88.6,False
1586,1881-03-31,85.8,False
1587,1881-04-30,86.1,False
1588,1881-05-31,72.5,False
1589,1881-06-30,100.8,False
1590,1881-07-31,128.2,False
1591,1881-08-31,97.3,False
1592,1881-09-30,88.6,False
1593,1881-10-31,107.3,False
1594,1881-11-30,91.5,False
1595,1881-12-31,78.8,False
1596,1882-01-31,75.0,False
1597,1882-02-28,115.9,False
1598,1882-03-31,111.5,False
1599,1882-04-30,159.6,True
1600,1882-05-31,106.9,False
1601,1882-06-30,75.4,False
1602,1882-07-31,75.7,False
1603,1882-08-31,67.5,False
1604,1882-09-30,96.1,False
1605,1882-10-31,98.6,False
1606,1882-11-30,140.6,False
1607,1882-12-31,69.7,False
1608,1883-01-31,101.0,False
1609,1883-02-28,78.2,False
1610,1883-03-31,71.3,False
1611,1883-04-30,136.8,False
1612,1883-05-31,52.5,False
1613,1883-06-30,127.2,False
1614,1883-07-31,134.4,False
1615,1883-08-31,76.6,False
1616,1883-09-30,87.8,False
1617,1883-10-31,139.6,False
1618,1883-11-30,140.8,False
1619,1883-12-31,126.5,False
1620,1884-01-31,152.6,False
1621,1884-02-29,144.8,False
1622,1884-03-31,145.8,False
1623,1884-04-30,126.9,False
1624,1884-05-31,110.9,False
1625,1884-06-30,85.3,False
1626,1884-07-31,88.5,False
1627,1884-08-31,93.1,False
1628,1884-09-30,103.1,False
1629,1884-10-31,79.6,False
1630,1884-11-30,60.9,False
1631,1884-12-31,78.6,False
1632,1885-01-31,71.4,False
1633,1885-02-28,119.7,False
1634,1885-03-31,82.9,False
1635,1885-04-30,91.7,False
1636,1885-05-31,121.6,False
1637,1885-06-30,139.5,False
1638,1885-07-31,110.9,False
1639,1885-08-31,83.5,False
1640,1885-09-30,66.0,False
1641,1885-10-31,64.5,False
1642,1885-11-30,51.6,False
1643,1885-12-31,36.3,False
1644,1886-01-31,49.8,False
1645,1886-02-28,43.2,False
1646,1886-03-31,95.5,False
1647,1886-04-30,72.9,False
1648,1886-05-31,51.2,False
1649,1886-06-30,45.3,False
1650,1886-07-31,50.4,False
1651,1886-08-31,28.1,False
1652,1886-09-30,35.7,False
1653,1886-10-31,14.4,False
1654,1886-11-30,0.6,False
1655,1886-12-31,21.7,False
1656,1887-01-31,17.0,False
1657,1887-02-28,22.0,False
1658,1887-03-31,7.1,False
1659,1887-04-30,11.6,False
1660,1887-05-31,33.4,False
1661,1887-06-30,26.1,False
1662,1887-07-31,38.9,False
1663,1887-08-31,35.7,False
1664,1887-09-30,12.4,False
1665,1887-10-31,11.0,False
1666,1887-11-30,11.5,False
1667,1887-12-31,34.5,False
1668,1888-01-31,21.2,False
1669,1888-02-29,11.8,False
1670,1888-03-31,13.1,False
1671,1888-04-30,8.5,False
1672,1888-05-31,11.7,False
1673,1888-06-30,11.8,False
1674,1888-07-31,5.0,False
1675,1888-08-31,4.6,False
1676,1888-09-30,14.6,False
1677,1888-10-31,3.4,False
1678,1888-11-30,17.9,False
1679,1888-12-31,11.1,False
1680,1889-01-31,1.3,False
1681,1889-02-28,14.2,False
1682,1889-03-31,11.1,False
1683,1889-04-30,7.3,False
1684,1889-05-31,4.0,False
1685,1889-06-30,10.8,False
1686,1889-07-31,15.8,False
1687,1889-08-31,34.3,False
1688,1889-09-30,10.9,False
1689,1889-10-31,3.4,False
1690,1889-11-30,0.3,False
1691,1889-12-31,11.2,False
1692,1890-01-31,8.8,False
1693,1890-02-28,1.1,False
1694,1890-03-31,8.5,False
1695,1890-04-30,2.7,False
1696,1890-05-31,7.9,False
1697,1890-06-30,2.2,False
1698,1890-07-31,19.3,False
1699,1890-08-31,14.2,False
1700,1890-09-30,28.6,False
1701,1890-10-31,18.6,False
1702,1890-11-30,15.9,False
1703,1890-12-31,13.1,False
1704,1891-01-31,22.5,False
1705,1891-02-28,36.9,False
1706,1891-03-31,17.2,False
1707,1891-04-30,34.2,False
1708,1891-05-31,68.5,False
1709,1891-06-30,80.4,False
1710,1891-07-31,98.0,False
1711,1891-08-31,55.1,False
1712,1891-09-30,89.7,False
1713,1891-10-31,86.0,False
1714,1891-11-30,69.8,False
1715,1891-12-31,54.3,False
1716,1892-01-31,115.2,False
1717,1892-02-29,126.1,False
1718,1892-03-31,83.3,False
1719,1892-04-30,116.0,False
1720,1892-05-31,132.7,False
1721,1892-06-30,127.3,False
1722,1892-07-31,127.6,False
1723,1892-08-31,169.0,True
1724,1892-09-30,104.7,False
1725,1892-10-31,117.5,False
1726,1892-11-30,108.9,False
1727,1892-12-31,131.0,False
1728,1893-01-31,125.0,False
1729,1893-02-28,121.6,False
1730,1893-03-31,109.5,False
1731,1893-04-30,146.8,False
1732,1893-05-31,141.3,False
1733,1893-06-30,149.8,False
1734,1893-07-31,147.6,False
1735,1893-08-31,215.4,True
1736,1893-09-30,129.9,False
1737,1893-10-31,133.3,False
1738,1893-11-30,125.2,False
1739,1893-12-31,156.4,False
1740,1894-01-31,138.6,False
1741,1894-02-28,141.0,False
1742,1894-03-31,87.1,False
1743,1894-04-30,136.0,False
1744,1894-05-31,168.7,True
1745,1894-06-30,164.8,True
1746,1894-07-31,176.7,True
1747,1894-08-31,117.1,False
1748,1894-09-30,110.0,False
1749,1894-10-31,125.7,False
1750,1894-11-30,94.3,False
1751,1894-12-31,100.1,False
1752,1895-01-31,105.4,False
1753,1895-02-28,112.0,False
1754,1895-03-31,101.6,False
1755,1895-04-30,128.2,False
1756,1895-05-31,112.5,False
1757,1895-06-30,119.1,False
1758,1895-07-31,79.7,False
1759,1895-08-31,114.9,False
1760,1895-09-30,96.1,False
1761,1895-10-31,113.2,False
1762,1895-11-30,78.6,False
1763,1895-12-31,117.9,False
1764,1896-01-31,48.4,False
1765,1896-02-29,95.7,False
1766,1896-03-31,86.5,False
1767,1896-04-30,73.0,False
1768,1896-05-31,46.1,False
1769,1896-06-30,81.7,False
1770,1896-07-31,75.2,False
1771,1896-08-31,45.4,False
1772,1896-09-30,102.2,False
1773,1896-10-31,47.9,False
1774,1896-11-30,63.3,False
1775,1896-12-31,71.0,False
1776,1897-01-31,67.6,False
1777,1897-02-28,49.0,False
1778,1897-03-31,48.7,False
1779,1897-04-30,51.7,False
1780,1897-05-31,33.3,False
1781,1897-06-30,18.9,False
1782,1897-07-31,46.1,False
1783,1897-08-31,36.4,False
1784,1897-09-30,80.4,False
1785,1897-10-31,23.9,False
1786,1897-11-30,14.0,False
1787,1897-12-31,55.5,False
1788,1898-01-31,50.4,False
1789,1898-02-28,60.7,False
1790,1898-03-31,63.9,False
1791,1898-04-30,24.2,False
1792,1898-05-31,43.0,False
1793,1898-06-30,37.1,False
1794,1898-07-31,15.0,False
1795,1898-08-31,52.3,False
1796,1898-09-30,58.1,False
1797,1898-10-31,57.1,False
1798,1898-11-30,51.6,False
1799,1898-12-31,21.1,False
1800,1899-01-31,32.4,False
1801,1899-02-28,15.3,False
1802,1899-03-31,30.3,False
1803,1899-04-30,23.6,False
1804,1899-05-31,12.9,False
1805,1899-06-30,34.1,False
1806,1899-07-31,22.5,False
1807,1899-08-31,4.9,False
1808,1899-09-30,14.0,False
1809,1899-10-31,21.7,False
1810,1899-11-30,13.0,False
1811,1899-12-31,17.6,False
1812,1900-01-31,15.7,False
1813,1900-02-28,22.8,False
1814,1900-03-31,14.4,False
1815,1900-04-30,26.8,False
1816,1900-05-31,25.3,False
1817,1900-06-30,20.1,False
1818,1900-07-31,13.9,False
1819,1900-08-31,7.1,False
1820,1900-09-30,13.9,False
1821,1900-10-31,21.6,False
1822,1900-11-30,7.5,False
1823,1900-12-31,0.5,False
1824,1901-01-31,0.4,False
1825,1901-02-28,4.0,False
1826,1901-03-31,7.4,False
1827,1901-04-30,0.0,False
1828,1901-05-31,17.0,False
1829,1901-06-30,9.7,False
1830,1901-07-31,1.2,False
1831,1901-08-31,1.7,False
1832,1901-09-30,0.9,False
1833,1901-10-31,6.3,False
1834,1901-11-30,6.4,False
1835,1901-12-31,0.0,False
1836,1902-01-31,9.3,False
1837,1902-02-28,0.0,False
1838,1902-03-31,20.7,False
1839,1902-04-30,0.0,False
1840,1902-05-31,4.7,False
1841,1902-06-30,2.4,False
1842,1902-07-31,1.5,False
1843,1902-08-31,3.8,False
1844,1902-09-30,12.6,False
1845,1902-10-31,27.2,False
1846,1902-11-30,17.2,False
1847,1902-12-31,1.8,False
1848,1903-01-31,13.9,False
1849,1903-02-28,28.4,False
1850,1903-03-31,22.5,False
1851,1903-04-30,43.5,False
1852,1903-05-31,24.3,False
1853,1903-06-30,27.2,False
1854,1903-07-31,46.4,False
1855,1903-08-31,48.0,False
1856,1903-09-30,18.5,False
1857,1903-10-31,64.8,False
1858,1903-11-30,74.2,False
1859,1903-12-31,76.2,False
1860,1904-01-31,52.6,False
1861,1904-02-29,40.8,False
1862,1904-03-31,61.9,False
1863,1904-04-30,71.6,False
1864,1904-05-31,65.7,False
1865,1904-06-30,69.8,False
1866,1904-07-31,84.3,False
1867,1904-08-31,97.1,False
1868,1904-09-30,50.2,False
1869,1904-10-31,90.4,False
1870,1904-11-30,63.4,False
1871,1904-12-31,91.1,False
1872,1905-01-31,91.2,False
1873,1905-02-28,143.0,False
1874,1905-03-31,94.3,False
1875,1905-04-30,65.5,False
1876,1905-05-31,79.9,False
1877,1905-06-30,81.6,False
1878,1905-07-31,121.6,False
1879,1905-08-31,98.1,False
1880,1905-09-30,91.8,False
1881,1905-10-31,131.2,False
1882,1905-11-30,178.7,True
1883,1905-12-31,92.5,False
1884,1906-01-31,75.8,False
1885,1906-02-28,52.3,False
1886,1906-03-31,107.4,False
1887,1906-04-30,92.2,False
1888,1906-05-31,96.2,False
1889,1906-06-30,105.3,False
1890,1906-07-31,172.7,True
1891,1906-08-31,79.6,False
1892,1906-09-30,93.5,False
1893,1906-10-31,29.7,False
1894,1906-11-30,64.8,False
1895,1906-12-31,108.0,False
1896,1907-01-31,127.4,False
1897,1907-02-28,180.3,True
1898,1907-03-31,101.1,False
1899,1907-04-30,87.6,False
1900,1907-05-31,71.4,False
1901,1907-06-30,67.2,False
1902,1907-07-31,82.9,False
1903,1907-08-31,90.5,False
1904,1907-09-30,141.7,False
1905,1907-10-31,109.1,False
1906,1907-11-30,102.5,False
1907,1907-12-31,78.9,False
1908,1908-01-31,65.4,False
1909,1908-02-29,56.6,False
1910,1908-03-31,47.9,False
1911,1908-04-30,96.1,False
1912,1908-05-31,68.0,False
1913,1908-06-30,80.2,False
1914,1908-07-31,65.8,False
1915,1908-08-31,150.9,False
1916,1908-09-30,144.9,False
1917,1908-10-31,53.9,False
1918,1908-11-30,75.9,False
1919,1908-12-31,65.9,False
1920,1909-01-31,94.6,False
1921,1909-02-28,77.6,False
1922,1909-03-31,110.5,False
1923,1909-04-30,53.7,False
1924,1909-05-31,60.0,False
1925,1909-06-30,37.8,False
1926,1909-07-31,59.6,False
1927,1909-08-31,38.5,False
1928,1909-09-30,64.7,False
1929,1909-10-31,97.4,False
1930,1909-11-30,93.0,False
1931,1909-12-31,90.2,False
1932,1910-01-31,44.0,False
1933,1910-02-28,52.5,False
1934,1910-03-31,35.7,False
1935,1910-04-30,14.1,False
1936,1910-05-31,36.9,False
1937,1910-06-30,20.5,False
1938,1910-07-31,23.5,False
1939,1910-08-31,19.3,False
1940,1910-09-30,43.7,False
1941,1910-10-31,63.9,False
1942,1910-11-30,8.3,False
1943,1910-12-31,9.6,False
1944,1911-01-31,5.6,False
1945,1911-02-28,15.0,False
1946,1911-03-31,13.0,False
1947,1911-04-30,27.6,False
1948,1911-05-31,15.1,False
1949,1911-06-30,3.7,False
1950,1911-07-31,5.9,False
1951,1911-08-31,6.7,False
1952,1911-09-30,6.7,False
1953,1911-10-31,4.5,False
1954,1911-11-30,7.0,False
1955,1911-12-31,3.7,False
1956,1912-01-31,0.4,False
1957,1912-02-29,0.0,False
1958,1912-03-31,8.2,False
1959,1912-04-30,7.6,False
1960,1912-05-31,7.4,False
1961,1912-06-30,6.9,False
1962,1912-07-31,4.9,False
1963,1912-08-31,0.5,False
1964,1912-09-30,15.9,False
1965,1912-10-31,7.6,False
1966,1912-11-30,1.9,False
1967,1912-12-31,10.6,False
1968,1913-01-31,3.8,False
1969,1913-02-28,4.8,False
1970,1913-03-31,0.8,False
1971,1913-04-30,1.6,False
1972,1913-05-31,0.0,False
1973,1913-06-30,0.0,False
1974,1913-07-31,2.9,False
1975,1913-08-31,0.4,False
1976,1913-09-30,2.0,False
1977,1913-10-31,5.2,False
1978,1913-11-30,1.2,False
1979,1913-12-31,6.3,False
1980,1914-01-31,4.7,False
1981,1914-02-28,4.4,False
1982,1914-03-31,5.3,False
1983,1914-04-30,28.9,False
1984,1914-05-31,8.7,False
1985,1914-06-30,19.1,False
1986,1914-07-31,9.1,False
1987,1914-08-31,12.9,False
1988,1914-09-30,21.2,False
1989,1914-10-31,13.7,False
1990,1914-11-30,27.3,False
1991,1914-12-31,37.3,False
1992,1915-01-31,38.5,False
1993,1915-02-28,70.4,False
1994,1915-03-31,64.8,False
1995,1915-04-30,68.9,False
1996,1915-05-31,55.1,False
1997,1915-06-30,114.7,False
1998,1915-07-31,119.4,False
1999,1915-08-31,116.0,False
2000,1915-09-30,82.4,False
2001,1915-10-31,89.1,False
2002,1915-11-30,70.9,False
2003,1915-12-31,57.5,False
2004,1916-01-31,75.5,False
2005,1916-02-29,92.4,False
2006,1916-03-31,111.7,False
2007,1916-04-30,119.8,False
2008,1916-05-31,124.0,False
2009,1916-06-30,112.9,False
2010,1916-07-31,89.3,False
2011,1916-08-31,58.6,False
2012,1916-09-30,75.1,False
2013,1916-10-31,84.5,False
2014,1916-11-30,109.5,False
2015,1916-12-31,88.3,False
2016,1917-01-31,124.5,False
2017,1917-02-28,119.9,False
2018,1917-03-31,158.0,False
2019,1917-04-30,124.6,False
2020,1917-05-31,190.2,True
2021,1917-06-30,191.4,True
2022,1917-07-31,199.7,True
2023,1917-08-31,257.7,True
2024,1917-09-30,215.6,True
2025,1917-10-31,120.3,False
2026,1917-11-30,160.7,True
2027,1917-12-31,215.5,True
2028,1918-01-31,160.0,True
2029,1918-02-28,108.7,False
2030,1918-03-31,120.4,False
2031,1918-04-30,134.1,False
2032,1918-05-31,127.9,False
2033,1918-06-30,99.0,False
2034,1918-07-31,179.5,True
2035,1918-08-31,169.6,True
2036,1918-09-30,133.2,False
2037,1918-10-31,141.7,False
2038,1918-11-30,139.0,False
2039,1918-12-31,98.5,False
2040,1919-01-31,80.2,False
2041,1919-02-28,132.5,False
2042,1919-03-31,110.9,False
2043,1919-04-30,86.3,False
2044,1919-05-31,146.9,False
2045,1919-06-30,185.3,True
2046,1919-07-31,107.8,False
2047,1919-08-31,115.1,False
2048,1919-09-30,91.1,False
2049,1919-10-31,88.0,False
2050,1919-11-30,69.9,False
2051,1919-12-31,58.0,False
2052,1920-01-31,85.3,False
2053,1920-02-29,89.8,False
2054,1920-03-31,116.9,False
2055,1920-04-30,24.7,False
2056,1920-05-31,55.4,False
2057,1920-06-30,64.6,False
2058,1920-07-31,45.7,False
2059,1920-08-31,31.9,False
2060,1920-09-30,60.5,False
2061,1920-10-31,82.7,False
2062,1920-11-30,45.3,False
2063,1920-12-31,49.8,False
2064,1921-01-31,52.5,False
2065,1921-02-28,47.1,False
2066,1921-03-31,44.5,False
2067,1921-04-30,54.0,False
2068,1921-05-31,37.0,False
2069,1921-06-30,56.2,False
2070,1921-07-31,69.7,False
2071,1921-08-31,38.0,False
2072,1921-09-30,29.6,False
2073,1921-10-31,30.3,False
2074,1921-11-30,29.6,False
2075,1921-12-31,33.9,False
2076,1922-01-31,19.7,False
2077,1922-02-28,43.9,False
2078,1922-03-31,91.3,False
2079,1922-04-30,18.3,False
2080,1922-05-31,13.4,False
2081,1922-06-30,9.8,False
2082,1922-07-31,18.3,False
2083,1922-08-31,10.9,False
2084,1922-09-30,7.8,False
2085,1922-10-31,10.4,False
2086,1922-11-30,12.2,False
2087,1922-12-31,29.0,False
2088,1923-01-31,7.5,False
2089,1923-02-28,2.5,False
2090,1923-03-31,5.5,False
2091,1923-04-30,10.2,False
2092,1923-05-31,5.3,False
2093,1923-06-30,15.3,False
2094,1923-07-31,5.9,False
2095,1923-08-31,0.8,False
2096,1923-09-30,22.1,False
2097,1923-10-31,19.5,False
2098,1923-11-30,16.7,False
2099,1923-12-31,4.6,False
2100,1924-01-31,0.8,False
2101,1924-02-29,8.5,False
2102,1924-03-31,3.0,False
2103,1924-04-30,18.9,False
2104,1924-05-31,34.6,False
2105,1924-06-30,40.0,False
2106,1924-07-31,46.9,False
2107,1924-08-31,32.1,False
2108,1924-09-30,41.9,False
2109,1924-10-31,42.6,False
2110,1924-11-30,37.5,False
2111,1924-12-31,27.5,False
2112,1925-01-31,9.1,False
2113,1925-02-28,38.6,False
2114,1925-03-31,30.0,False
2115,1925-04-30,53.0,False
2116,1925-05-31,71.4,False
2117,1925-06-30,79.1,False
2118,1925-07-31,64.2,False
2119,1925-08-31,63.3,False
2120,1925-09-30,100.3,False
2121,1925-10-31,115.3,False
2122,1925-11-30,97.6,False
2123,1925-12-31,164.4,True
2124,1926-01-31,119.7,False
2125,1926-02-28,116.4,False
2126,1926-03-31,104.2,False
2127,1926-04-30,64.2,False
2128,1926-05-31,107.0,False
2129,1926-06-30,122.4,False
2130,1926-07-31,87.2,False
2131,1926-08-31,102.7,False
2132,1926-09-30,101.4,False
2133,1926-10-31,119.3,False
2134,1926-11-30,100.8,False
2135,1926-12-31,132.4,False
2136,1927-01-31,136.0,False
2137,1927-02-28,155.1,False
2138,1927-03-31,116.1,False
2139,1927-04-30,155.8,False
2140,1927-05-31,131.9,False
2141,1927-06-30,98.5,False
2142,1927-07-31,91.6,False
2143,1927-08-31,89.6,False
2144,1927-09-30,114.1,False
2145,1927-10-31,105.2,False
2146,1927-11-30,112.1,False
2147,1927-12-31,75.3,False
2148,1928-01-31,139.2,False
2149,1928-02-29,122.4,False
2150,1928-03-31,142.4,False
2151,1928-04-30,134.3,False
2152,1928-05-31,128.3,False
2153,1928-06-30,152.4,False
2154,1928-07-31,163.4,False
2155,1928-08-31,139.6,False
2156,1928-09-30,149.6,False
2157,1928-10-31,102.3,False
2158,1928-11-30,83.9,False
2159,1928-12-31,98.3,False
2160,1929-01-31,114.8,False
2161,1929-02-28,104.7,False
2162,1929-03-31,83.8,False
2163,1929-04-30,87.9,False
2164,1929-05-31,97.0,False
2165,1929-06-30,119.9,False
2166,1929-07-31,117.1,False
2167,1929-08-31,109.6,False
2168,1929-09-30,57.3,False
2169,1929-10-31,90.1,False
2170,1929-11-30,135.1,False
2171,1929-12-31,179.9,True
2172,1930-01-31,108.8,False
2173,1930-02-28,83.1,False
2174,1930-03-31,58.4,False
2175,1930-04-30,63.7,False
2176,1930-05-31,61.4,False
2177,1930-06-30,48.0,False
2178,1930-07-31,36.5,False
2179,1930-08-31,41.5,False
2180,1930-09-30,53.5,False
2181,1930-10-31,57.2,False
2182,1930-11-30,59.4,False
2183,1930-12-31,43.0,False
2184,1931-01-31,24.4,False
2185,1931-02-28,71.8,False
2186,1931-03-31,50.1,False
2187,1931-04-30,52.0,False
2188,1931-05-31,40.8,False
2189,1931-06-30,25.5,False
2190,1931-07-31,29.0,False
2191,1931-08-31,21.6,False
2192,1931-09-30,31.7,False
2193,1931-10-31,16.6,False
2194,1931-11-30,31.2,False
2195,1931-12-31,29.7,False
2196,1932-01-31,20.1,False
2197,1932-02-29,17.6,False
2198,1932-03-31,18.8,False
2199,1932-04-30,18.7,False
2200,1932-05-31,29.7,False
2201,1932-06-30,36.9,False
2202,1932-07-31,16.0,False
2203,1932-08-31,11.3,False
2204,1932-09-30,6.6,False
2205,1932-10-31,14.8,False
2206,1932-11-30,13.7,False
2207,1932-12-31,18.5,False
2208,1933-01-31,20.4,False
2209,1933-02-28,36.9,False
2210,1933-03-31,16.8,False
2211,1933-04-30,4.9,False
2212,1933-05-31,5.3,False
2213,1933-06-30,8.7,False
2214,1933-07-31,4.7,True
2215,1933-08-31,0.4,True
2216,1933-09-30,8.5,True
2217,1933-10-31,5.0,True
2218,1933-11-30,1.0,False
2219,1933-12-31,0.4,True
2220,1934-01-31,5.7,False
2221,1934-02-28,12.9,False
2222,1934-03-31,7.2,True
2223,1934-04-30,18.8,False
2224,1934-05-31,32.9,False
2225,1934-06-30,11.2,False
2226,1934-07-31,15.3,False
2227,1934-08-31,13.9,False
2228,1934-09-30,6.7,True
2229,1934-10-31,9.5,False
2230,1934-11-30,14.5,False
2231,1934-12-31,25.7,False
2232,1935-01-31,31.1,False
2233,1935-02-28,34.1,False
2234,1935-03-31,38.5,False
2235,1935-04-30,20.4,False
2236,1935-05-31,45.4,False
2237,1935-06-30,76.2,False
2238,1935-07-31,56.5,False
2239,1935-08-31,50.2,False
2240,1935-09-30,70.1,False
2241,1935-10-31,88.7,False
2242,1935-11-30,107.0,False
2243,1935-12-31,102.5,False
2244,1936-01-31,104.7,False
2245,1936-02-29,123.9,False
2246,1936-03-31,128.4,False
2247,1936-04-30,124.8,False
2248,1936-05-31,90.9,False
2249,1936-06-30,116.7,False
2250,1936-07-31,87.2,False
2251,1936-08-31,145.0,False
2252,1936-09-30,126.7,False
2253,1936-10-31,148.2,False
2254,1936-11-30,192.3,True
2255,1936-12-31,205.6,True
2256,1937-01-31,220.9,True
2257,1937-02-28,214.1,True
2258,1937-03-31,139.7,False
2259,1937-04-30,182.2,True
2260,1937-05-31,194.4,True
2261,1937-06-30,217.1,True
2262,1937-07-31,241.8,True
2263,1937-08-31,229.5,True
2264,1937-09-30,167.9,False
2265,1937-10-31,208.2,True
2266,1937-11-30,123.9,False
2267,1937-12-31,147.9,False
2268,1938-01-31,164.0,False
2269,1938-02-28,198.6,True
2270,1938-03-31,144.2,False
2271,1938-04-30,168.4,False
2272,1938-05-31,212.3,True
2273,1938-06-30,162.6,False
2274,1938-07-31,275.6,True
2275,1938-08-31,192.8,True
2276,1938-09-30,149.3,False
2277,1938-10-31,165.3,False
2278,1938-11-30,203.6,True
2279,1938-12-31,154.7,False
2280,1939-01-31,133.9,False
2281,1939-02-28,129.0,False
2282,1939-03-31,107.8,False
2283,1939-04-30,181.9,True
2284,1939-05-31,197.3,True
2285,1939-06-30,168.3,False
2286,1939-07-31,162.6,False
2287,1939-08-31,176.3,False
2288,1939-09-30,187.7,True
2289,1939-10-31,146.9,False
2290,1939-11-30,113.7,False
2291,1939-12-31,70.2,False
2292,1940-01-31,84.1,False
2293,1940-02-29,99.1,False
2294,1940-03-31,138.9,False
2295,1940-04-30,101.1,False
2296,1940-05-31,90.6,False
2297,1940-06-30,139.8,False
2298,1940-07-31,112.5,False
2299,1940-08-31,175.9,False
2300,1940-09-30,110.8,False
2301,1940-10-31,91.5,False
2302,1940-11-30,97.4,False
2303,1940-12-31,113.8,False
2304,1941-01-31,76.1,False
2305,1941-02-28,74.3,False
2306,1941-03-31,77.5,False
2307,1941-04-30,54.6,False
2308,1941-05-31,49.0,False
2309,1941-06-30,99.6,False
2310,1941-07-31,111.4,False
2311,1941-08-31,100.1,False
2312,1941-09-30,109.8,False
2313,1941-10-31,77.2,False
2314,1941-11-30,64.0,False
2315,1941-12-31,56.2,False
2316,1942-01-31,59.5,False
2317,1942-02-28,87.9,False
2318,1942-03-31,90.4,False
2319,1942-04-30,101.2,False
2320,1942-05-31,41.8,False
2321,1942-06-30,18.9,False
2322,1942-07-31,29.6,False
2323,1942-08-31,33.7,False
2324,1942-09-30,28.7,False
2325,1942-10-31,32.0,False
2326,1942-11-30,51.3,False
2327,1942-12-31,37.6,False
2328,1943-01-31,20.7,False
2329,1943-02-28,48.1,False
2330,1943-03-31,45.7,False
2331,1943-04-30,43.5,False
2332,1943-05-31,23.6,False
2333,1943-06-30,12.7,True
2334,1943-07-31,22.0,False
2335,1943-08-31,32.3,False
2336,1943-09-30,16.7,False
2337,1943-10-31,13.0,True
2338,1943-11-30,17.0,False
2339,1943-12-31,31.4,False
2340,1944-01-31,6.1,True
2341,1944-02-29,0.8,True
2342,1944-03-31,18.3,False
2343,1944-04-30,0.4,True
2344,1944-05-31,4.1,True
2345,1944-06-30,8.2,True
2346,1944-07-31,8.5,True
2347,1944-08-31,27.9,False
2348,1944-09-30,23.7,False
2349,1944-10-31,28.1,False
2350,1944-11-30,17.9,False
2351,1944-12-31,47.4,False
2352,1945-01-31,30.8,False
2353,1945-02-28,21.2,False
2354,1945-03-31,35.9,False
2355,1945-04-30,53.4,False
2356,1945-05-31,51.0,False
2357,1945-06-30,60.2,False
2358,1945-07-31,71.0,False
2359,1945-08-31,43.1,False
2360,1945-09-30,58.1,False
2361,1945-10-31,114.5,False
2362,1945-11-30,76.6,False
2363,1945-12-31,45.7,False
2364,1946-01-31,79.3,False
2365,1946-02-28,143.8,False
2366,1946-03-31,127.7,False
2367,1946-04-30,126.1,False
2368,1946-05-31,141.6,False
2369,1946-06-30,122.6,False
2370,1946-07-31,193.7,True
2371,1946-08-31,178.7,False
2372,1946-09-30,157.4,False
2373,1946-10-31,170.5,False
2374,1946-11-30,206.3,True
2375,1946-12-31,202.9,True
2376,1947-01-31,163.7,False
2377,1947-02-28,188.9,True
2378,1947-03-31,183.8,True
2379,1947-04-30,212.1,True
2380,1947-05-31,285.0,True
2381,1947-06-30,232.1,True
2382,1947-07-31,223.5,True
2383,1947-08-31,267.4,True
2384,1947-09-30,239.9,True
2385,1947-10-31,231.7,True
2386,1947-11-30,181.3,True
2387,1947-12-31,164.9,False
2388,1948-01-31,153.6,False
2389,1948-02-29,122.0,False
2390,1948-03-31,134.3,False
2391,1948-04-30,268.5,True
2392,1948-05-31,246.4,True
2393,1948-06-30,237.5,True
2394,1948-07-31,201.4,True
2395,1948-08-31,223.7,True
2396,1948-09-30,202.9,True
2397,1948-10-31,192.9,False
2398,1948-11-30,135.6,False
2399,1948-12-31,195.3,True
2400,1949-01-31,168.6,False
2401,1949-02-28,258.0,True
2402,1949-03-31,223.0,True
2403,1949-04-30,208.1,True
2404,1949-05-31,150.4,False
2405,1949-06-30,172.4,False
2406,1949-07-31,178.3,False
2407,1949-08-31,175.3,False
2408,1949-09-30,205.8,True
2409,1949-10-31,186.3,False
2410,1949-11-30,203.2,True
2411,1949-12-31,166.6,False
2412,1950-01-31,143.9,False
2413,1950-02-28,134.3,False
2414,1950-03-31,155.4,False
2415,1950-04-30,160.6,False
2416,1950-05-31,150.5,False
2417,1950-06-30,118.3,False
2418,1950-07-31,128.9,False
2419,1950-08-31,120.6,False
2420,1950-09-30,72.7,False
2421,1950-10-31,87.0,False
2422,1950-11-30,77.7,False
2423,1950-12-31,76.7,False
2424,1951-01-31,85.0,False
2425,1951-02-28,84.8,False
2426,1951-03-31,79.3,False
2427,1951-04-30,131.7,False
2428,1951-05-31,153.7,False
2429,1951-06-30,142.4,False
2430,1951-07-31,87.2,False
2431,1951-08-31,86.5,False
2432,1951-09-30,117.7,False
2433,1951-10-31,73.3,False
2434,1951-11-30,74.2,False
2435,1951-12-31,65.0,False
2436,1952-01-31,57.9,False
2437,1952-02-29,32.4,False
2438,1952-03-31,31.5,False
2439,1952-04-30,41.7,False
2440,1952-05-31,33.6,False
2441,1952-06-30,52.0,False
2442,1952-07-31,56.1,False
2443,1952-08-31,77.8,False
2444,1952-09-30,40.4,False
2445,1952-10-31,34.2,False
2446,1952-11-30,31.8,False
2447,1952-12-31,48.9,False
2448,1953-01-31,37.9,False
2449,1953-02-28,5.9,True
2450,1953-03-31,14.7,True
2451,1953-04-30,39.6,False
2452,1953-05-31,18.3,True
2453,1953-06-30,31.5,False
2454,1953-07-31,12.7,True
2455,1953-08-31,33.6,False
2456,1953-09-30,28.0,False
2457,1953-10-31,12.3,True
2458,1953-11-30,2.5,True
2459,1953-12-31,3.9,True
2460,1954-01-31,0.4,True
2461,1954-02-28,0.8,True
2462,1954-03-31,15.8,True
2463,1954-04-30,2.7,True
2464,1954-05-31,1.2,True
2465,1954-06-30,0.4,True
2466,1954-07-31,7.3,True
2467,1954-08-31,12.6,True
2468,1954-09-30,2.3,True
2469,1954-10-31,10.5,True
2470,1954-11-30,13.4,True
2471,1954-12-31,11.3,True
2472,1955-01-31,33.4,False
2473,1955-02-28,29.9,False
2474,1955-03-31,7.3,True
2475,1955-04-30,16.4,True
2476,1955-05-31,41.3,False
2477,1955-06-30,45.2,False
2478,1955-07-31,38.2,False
2479,1955-08-31,58.0,False
2480,1955-09-30,60.8,False
2481,1955-10-31,83.0,False
2482,1955-11-30,126.3,False
2483,1955-12-31,108.8,False
2484,1956-01-31,104.1,False
2485,1956-02-29,175.6,False
2486,1956-03-31,167.7,False
2487,1956-04-30,156.7,False
2488,1956-05-31,193.4,True
2489,1956-06-30,165.1,False
2490,1956-07-31,182.7,False
2491,1956-08-31,240.2,True
2492,1956-09-30,245.4,True
2493,1956-10-31,219.9,True
2494,1956-11-30,285.0,True
2495,1956-12-31,272.0,True
2496,1957-01-31,233.7,True
2497,1957-02-28,184.5,False
2498,1957-03-31,222.8,True
2499,1957-04-30,248.0,True
2500,1957-05-31,233.0,True
2501,1957-06-30,284.3,True
2502,1957-07-31,265.1,True
2503,1957-08-31,223.7,True
2504,1957-09-30,334.0,True
2505,1957-10-31,359.4,True
2506,1957-11-30,298.6,True
2507,1957-12-31,339.0,True
2508,1958-01-31,286.7,True
2509,1958-02-28,233.6,True
2510,1958-03-31,270.0,True
2511,1958-04-30,277.6,True
2512,1958-05-31,248.2,True
2513,1958-06-30,242.9,True
2514,1958-07-31,271.0,True
2515,1958-08-31,283.5,True
2516,1958-09-30,285.1,True
2517,1958-10-31,256.9,True
2518,1958-11-30,215.6,True
2519,1958-12-31,265.7,True
2520,1959-01-31,307.7,True
2521,1959-02-28,202.6,True
2522,1959-03-31,263.0,True
2523,1959-04-30,231.3,True
2524,1959-05-31,243.6,True
2525,1959-06-30,238.9,True
2526,1959-07-31,211.9,True
2527,1959-08-31,282.6,True
2528,1959-09-30,205.6,True
2529,1959-10-31,157.7,False
2530,1959-11-30,175.6,False
2531,1959-12-31,177.1,False
2532,1960-01-31,207.2,True
2533,1960-02-29,149.9,False
2534,1960-03-31,144.6,False
2535,1960-04-30,172.7,False
2536,1960-05-31,169.3,False
2537,1960-06-30,156.0,False
2538,1960-07-31,172.4,False
2539,1960-08-31,190.0,False
2540,1960-09-30,180.1,False
2541,1960-10-31,117.3,False
2542,1960-11-30,126.9,False
2543,1960-12-31,121.2,False
2544,1961-01-31,82.1,False
2545,1961-02-28,65.4,False
2546,1961-03-31,75.2,False
2547,1961-04-30,86.9,False
2548,1961-05-31,72.3,False
2549,1961-06-30,109.5,False
2550,1961-07-31,99.3,False
2551,1961-08-31,79.2,False
2552,1961-09-30,90.1,False
2553,1961-10-31,53.7,False
2554,1961-11-30,46.5,False
2555,1961-12-31,56.9,False
2556,1962-01-31,55.1,False
2557,1962-02-28,71.7,False
2558,1962-03-31,64.9,False
2559,1962-04-30,65.9,False
2560,1962-05-31,61.9,False
2561,1962-06-30,59.6,False
2562,1962-07-31,31.4,False
2563,1962-08-31,31.5,False
2564,1962-09-30,72.7,False
2565,1962-10-31,56.1,False
2566,1962-11-30,38.8,False
2567,1962-12-31,33.2,False
2568,1963-01-31,28.7,False
2569,1963-02-28,35.2,False
2570,1963-03-31,24.8,False
2571,1963-04-30,41.7,False
2572,1963-05-31,61.1,False
2573,1963-06-30,51.2,False
2574,1963-07-31,28.7,True
2575,1963-08-31,47.5,False
2576,1963-09-30,55.2,False
2577,1963-10-31,50.1,False
2578,1963-11-30,33.7,False
2579,1963-12-31,21.6,False
2580,1964-01-31,22.6,True
2581,1964-02-29,25.3,True
2582,1964-03-31,24.1,False
2583,1964-04-30,12.9,True
2584,1964-05-31,14.3,True
2585,1964-06-30,13.5,True
2586,1964-07-31,4.8,True
2587,1964-08-31,13.8,True
2588,1964-09-30,7.0,True
2589,1964-10-31,9.2,True
2590,1964-11-30,11.1,True
2591,1964-12-31,22.1,True
2592,1965-01-31,25.4,False
2593,1965-02-28,20.8,True
2594,1965-03-31,17.5,True
2595,1965-04-30,10.2,True
2596,1965-05-31,34.5,False
2597,1965-06-30,23.3,False
2598,1965-07-31,17.3,True
2599,1965-08-31,13.3,True
2600,1965-09-30,24.5,False
2601,1965-10-31,29.1,False
2602,1965-11-30,22.8,False
2603,1965-12-31,24.7,False
2604,1966-01-31,40.3,False
2605,1966-02-28,35.3,False
2606,1966-03-31,36.4,False
2607,1966-04-30,69.0,False
2608,1966-05-31,64.2,False
2609,1966-06-30,67.7,False
2610,1966-07-31,80.2,False
2611,1966-08-31,72.6,False
2612,1966-09-30,71.1,False
2613,1966-10-31,81.2,False
2614,1966-11-30,81.0,False
2615,1966-12-31,99.8,False
2616,1967-01-31,157.0,False
2617,1967-02-28,132.6,False
2618,1967-03-31,158.3,False
2619,1967-04-30,98.4,False
2620,1967-05-31,122.5,False
2621,1967-06-30,95.4,False
2622,1967-07-31,129.5,False
2623,1967-08-31,151.8,False
2624,1967-09-30,108.7,False
2625,1967-10-31,125.0,False
2626,1967-11-30,133.6,False
2627,1967-12-31,179.0,False
2628,1968-01-31,172.5,False
2629,1968-02-29,158.5,False
2630,1968-03-31,130.5,False
2631,1968-04-30,115.0,False
2632,1968-05-31,180.0,False
2633,1968-06-30,156.2,False
2634,1968-07-31,136.2,False
2635,1968-08-31,154.8,False
2636,1968-09-30,166.0,False
2637,1968-10-31,152.5,False
2638,1968-11-30,121.7,False
2639,1968-12-31,155.5,False
2640,1969-01-31,147.8,False
2641,1969-02-28,170.5,False
2642,1969-03-31,192.3,True
2643,1969-04-30,151.1,False
2644,1969-05-31,169.9,False
2645,1969-06-30,150.1,False
2646,1969-07-31,137.1,False
2647,1969-08-31,138.8,False
2648,1969-09-30,129.3,False
2649,1969-10-31,135.4,False
2650,1969-11-30,132.4,False
2651,1969-12-31,138.6,False
2652,1970-01-31,157.9,False
2653,1970-02-28,180.8,False
2654,1970-03-31,145.7,False
2655,1970-04-30,155.1,False
2656,1970-05-31,180.5,False
2657,1970-06-30,151.3,False
2658,1970-07-31,159.3,False
2659,1970-08-31,131.7,False
2660,1970-09-30,140.8,False
2661,1970-10-31,122.6,False
2662,1970-11-30,134.8,False
2663,1970-12-31,118.2,False
2664,1971-01-31,129.2,False
2665,1971-02-28,111.8,False
2666,1971-03-31,85.9,False
2667,1971-04-30,101.6,False
2668,1971-05-31,81.5,False
2669,1971-06-30,70.7,False
2670,1971-07-31,114.7,False
2671,1971-08-31,87.0,False
2672,1971-09-30,71.3,False
2673,1971-10-31,73.4,False
2674,1971-11-30,89.5,False
2675,1971-12-31,116.5,False
2676,1972-01-31,87.0,False
2677,1972-02-29,125.3,False
2678,1972-03-31,113.5,False
2679,1972-04-30,89.6,False
2680,1972-05-31,113.9,False
2681,1972-06-30,124.7,False
2682,1972-07-31,108.3,False
2683,1972-08-31,108.9,False
2684,1972-09-30,90.7,False
2685,1972-10-31,86.9,False
2686,1972-11-30,59.2,False
2687,1972-12-31,64.3,False
2688,1973-01-31,61.8,False
2689,1973-02-28,60.9,False
2690,1973-03-31,65.4,False
2691,1973-04-30,81.8,False
2692,1973-05-31,60.3,False
2693,1973-06-30,56.1,False
2694,1973-07-31,33.2,False
2695,1973-08-31,36.6,False
2696,1973-09-30,84.1,False
2697,1973-10-31,43.7,False
2698,1973-11-30,34.3,False
2699,1973-12-31,33.3,False
2700,1974-01-31,39.4,False
2701,1974-02-28,37.3,False
2702,1974-03-31,30.9,False
2703,1974-04-30,57.5,False
2704,1974-05-31,56.3,False
2705,1974-06-30,51.5,False
2706,1974-07-31,79.1,False
2707,1974-08-31,47.9,False
2708,1974-09-30,57.2,False
2709,1974-10-31,67.2,False
2710,1974-11-30,35.9,False
2711,1974-12-31,29.6,False
2712,1975-01-31,27.3,False
2713,1975-02-28,16.7,False
2714,1975-03-31,16.9,True
2715,1975-04-30,7.7,True
2716,1975-05-31,13.1,False
2717,1975-06-30,16.7,False
2718,1975-07-31,40.4,False
2719,1975-08-31,56.7,False
2720,1975-09-30,20.3,False
2721,1975-10-31,13.6,True
2722,1975-11-30,27.9,False
2723,1975-12-31,11.6,True
2724,1976-01-31,11.9,True
2725,1976-02-29,6.4,True
2726,1976-03-31,31.5,False
2727,1976-04-30,27.3,False
2728,1976-05-31,18.2,True
2729,1976-06-30,17.9,True
2730,1976-07-31,2.9,True
2731,1976-08-31,24.1,False
2732,1976-09-30,20.0,False
2733,1976-10-31,29.7,False
2734,1976-11-30,7.9,False
2735,1976-12-31,22.3,False
2736,1977-01-31,23.8,False
2737,1977-02-28,33.3,False
2738,1977-03-31,13.0,False
2739,1977-04-30,19.0,False
2740,1977-05-31,27.0,False
2741,1977-06-30,54.9,False
2742,1977-07-31,30.6,False
2743,1977-08-31,43.0,False
2744,1977-09-30,62.4,False
2745,1977-10-31,62.1,False
2746,1977-11-30,41.6,False
2747,1977-12-31,61.4,False
2748,1978-01-31,73.7,False
2749,1978-02-28,132.6,False
2750,1978-03-31,108.4,False
2751,1978-04-30,141.2,False
2752,1978-05-31,117.1,False
2753,1978-06-30,134.6,False
2754,1978-07-31,99.7,False
2755,1978-08-31,82.4,False
2756,1978-09-30,195.7,True
2757,1978-10-31,177.1,False
2758,1978-11-30,138.5,False
2759,1978-12-31,173.9,False
2760,1979-01-31,235.9,True
2761,1979-02-28,194.7,True
2762,1979-03-31,195.3,True
2763,1979-04-30,143.7,False
2764,1979-05-31,190.3,True
2765,1979-06-30,211.7,True
2766,1979-07-31,225.7,True
2767,1979-08-31,201.4,True
2768,1979-09-30,266.9,True
2769,1979-10-31,263.6,True
2770,1979-11-30,259.5,True
2771,1979-12-31,249.6,True
2772,1980-01-31,226.1,True
2773,1980-02-29,219.4,True
2774,1980-03-31,178.7,True
2775,1980-04-30,232.2,True
2776,1980-05-31,254.7,True
2777,1980-06-30,222.7,True
2778,1980-07-31,192.9,True
2779,1980-08-31,191.7,True
2780,1980-09-30,219.6,True
2781,1980-10-31,233.3,True
2782,1980-11-30,209.5,True
2783,1980-12-31,246.9,True
2784,1981-01-31,156.6,False
2785,1981-02-28,189.9,True
2786,1981-03-31,196.6,True
2787,1981-04-30,225.3,True
2788,1981-05-31,194.7,True
2789,1981-06-30,131.6,False
2790,1981-07-31,205.3,True
2791,1981-08-31,242.5,True
2792,1981-09-30,245.3,True
2793,1981-10-31,216.2,True
2794,1981-11-30,186.0,True
2795,1981-12-31,195.4,True
2796,1982-01-31,149.8,False
2797,1982-02-28,230.9,True
2798,1982-03-31,221.1,True
2799,1982-04-30,170.3,False
2800,1982-05-31,119.3,False
2801,1982-06-30,163.7,False
2802,1982-07-31,139.4,False
2803,1982-08-31,161.9,False
2804,1982-09-30,167.4,False
2805,1982-10-31,134.3,False
2806,1982-11-30,127.5,False
2807,1982-12-31,169.0,False
2808,1983-01-31,115.5,False
2809,1983-02-28,73.1,False
2810,1983-03-31,88.7,False
2811,1983-04-30,109.6,False
2812,1983-05-31,132.5,False
2813,1983-06-30,131.5,False
2814,1983-07-31,108.9,False
2815,1983-08-31,96.0,False
2816,1983-09-30,69.9,False
2817,1983-10-31,72.5,False
2818,1983-11-30,45.7,False
2819,1983-12-31,45.6,False
2820,1984-01-31,74.8,False
2821,1984-02-29,110.2,False
2822,1984-03-31,116.7,False
2823,1984-04-30,90.4,False
2824,1984-05-31,96.9,False
2825,1984-06-30,65.1,False
2826,1984-07-31,55.7,False
2827,1984-08-31,35.0,False
2828,1984-09-30,22.6,False
2829,1984-10-31,12.6,False
2830,1984-11-30,26.5,False
2831,1984-12-31,21.4,False
2832,1985-01-31,17.8,False
2833,1985-02-28,20.7,False
2834,1985-03-31,16.9,False
2835,1985-04-30,20.4,False
2836,1985-05-31,32.4,False
2837,1985-06-30,28.3,False
2838,1985-07-31,39.9,False
2839,1985-08-31,10.1,False
2840,1985-09-30,4.3,True
2841,1985-10-31,22.0,False
2842,1985-11-30,17.9,False
2843,1985-12-31,15.8,False
2844,1986-01-31,2.8,True
2845,1986-02-28,27.9,False
2846,1986-03-31,13.8,True
2847,1986-04-30,22.4,False
2848,1986-05-31,16.1,False
2849,1986-06-30,0.6,True
2850,1986-07-31,18.1,False
2851,1986-08-31,9.9,False
2852,1986-09-30,5.1,True
2853,1986-10-31,40.1,False
2854,1986-11-30,15.4,False
2855,1986-12-31,5.8,True
2856,1987-01-31,9.8,False
2857,1987-02-28,3.4,False
2858,1987-03-31,17.4,False
2859,1987-04-30,46.0,False
2860,1987-05-31,39.1,False
2861,1987-06-30,18.8,False
2862,1987-07-31,38.2,False
2863,1987-08-31,47.9,False
2864,1987-09-30,42.2,False
2865,1987-10-31,63.4,False
2866,1987-11-30,48.8,False
2867,1987-12-31,29.1,False
2868,1988-01-31,70.5,False
2869,1988-02-29,45.4,False
2870,1988-03-31,91.2,False
2871,1988-04-30,108.8,False
2872,1988-05-31,74.2,False
2873,1988-06-30,124.3,False
2874,1988-07-31,131.4,False
2875,1988-08-31,139.4,False
2876,1988-09-30,142.7,False
2877,1988-10-31,156.5,False
2878,1988-11-30,156.8,False
2879,1988-12-31,231.2,True
2880,1989-01-31,210.1,True
2881,1989-02-28,208.7,True
2882,1989-03-31,170.4,False
2883,1989-04-30,166.3,True
2884,1989-05-31,195.4,True
2885,1989-06-30,284.5,True
2886,1989-07-31,180.5,True
2887,1989-08-31,232.0,True
2888,1989-09-30,225.1,True
2889,1989-10-31,212.2,True
2890,1989-11-30,238.2,True
2891,1989-12-31,211.4,True
2892,1990-01-31,227.4,True
2893,1990-02-28,171.8,True
2894,1990-03-31,191.7,True
2895,1990-04-30,189.7,True
2896,1990-05-31,175.2,True
2897,1990-06-30,153.3,False
2898,1990-07-31,191.1,True
2899,1990-08-31,252.1,True
2900,1990-09-30,169.1,False
2901,1990-10-31,199.4,True
2902,1990-11-30,178.8,True
2903,1990-12-31,197.1,True
2904,1991-01-31,195.3,True
2905,1991-02-28,240.3,True
2906,1991-03-31,197.0,True
2907,1991-04-30,197.6,True
2908,1991-05-31,166.9,False
2909,1991-06-30,224.7,True
2910,1991-07-31,240.2,True
2911,1991-08-31,240.8,True
2912,1991-09-30,168.9,False
2913,1991-10-31,197.1,True
2914,1991-11-30,159.5,False
2915,1991-12-31,212.6,True
2916,1992-01-31,198.3,True
2917,1992-02-29,230.7,True
2918,1992-03-31,151.0,False
2919,1992-04-30,142.2,False
2920,1992-05-31,94.3,False
2921,1992-06-30,98.5,False
2922,1992-07-31,114.2,False
2923,1992-08-31,91.9,False
2924,1992-09-30,94.0,False
2925,1992-10-31,133.4,False
2926,1992-11-30,129.6,False
2927,1992-12-31,122.0,False
2928,1993-01-31,81.4,False
2929,1993-02-28,127.8,False
2930,1993-03-31,102.4,False
2931,1993-04-30,94.4,False
2932,1993-05-31,78.8,False
2933,1993-06-30,69.6,False
2934,1993-07-31,80.4,False
2935,1993-08-31,62.5,False
2936,1993-09-30,31.2,False
2937,1993-10-31,71.1,False
2938,1993-11-30,48.2,False
2939,1993-12-31,68.4,False
2940,1994-01-31,84.9,False
2941,1994-02-28,54.9,False
2942,1994-03-31,47.5,False
2943,1994-04-30,27.4,False
2944,1994-05-31,29.8,False
2945,1994-06-30,39.7,False
2946,1994-07-31,50.6,False
2947,1994-08-31,34.3,False
2948,1994-09-30,40.5,False
2949,1994-10-31,67.1,False
2950,1994-11-30,29.5,False
2951,1994-12-31,32.2,False
2952,1995-01-31,32.6,False
2953,1995-02-28,45.8,False
2954,1995-03-31,46.3,False
2955,1995-04-30,21.6,False
2956,1995-05-31,19.4,False
2957,1995-06-30,22.5,False
2958,1995-07-31,20.4,False
2959,1995-08-31,18.2,False
2960,1995-09-30,15.7,False
2961,1995-10-31,30.6,False
2962,1995-11-30,14.0,False
2963,1995-12-31,14.9,False
2964,1996-01-31,13.3,False
2965,1996-02-29,7.7,False
2966,1996-03-31,12.6,False
2967,1996-04-30,6.8,False
2968,1996-05-31,7.6,False
2969,1996-06-30,16.5,False
2970,1996-07-31,11.8,False
2971,1996-08-31,19.7,False
2972,1996-09-30,3.0,False
2973,1996-10-31,0.7,False
2974,1996-11-30,24.9,False
2975,1996-12-31,14.0,False
2976,1997-01-31,7.4,False
2977,1997-02-28,11.0,False
2978,1997-03-31,12.1,False
2979,1997-04-30,23.0,False
2980,1997-05-31,25.4,False
2981,1997-06-30,20.8,False
2982,1997-07-31,12.9,False
2983,1997-08-31,35.7,False
2984,1997-09-30,59.7,False
2985,1997-10-31,32.8,False
2986,1997-11-30,50.4,False
2987,1997-12-31,55.5,False
2988,1998-01-31,44.5,False
2989,1998-02-28,50.2,False
2990,1998-03-31,82.0,False
2991,1998-04-30,70.6,False
2992,1998-05-31,74.0,False
2993,1998-06-30,90.5,False
2994,1998-07-31,96.7,False
2995,1998-08-31,121.1,False
2996,1998-09-30,132.0,False
2997,1998-10-31,78.5,False
2998,1998-11-30,97.3,False
2999,1998-12-31,119.2,False
3000,1999-01-31,86.0,False
3001,1999-02-28,98.0,False
3002,1999-03-31,103.5,False
3003,1999-04-30,93.6,False
3004,1999-05-31,149.6,False
3005,1999-06-30,207.2,True
3006,1999-07-31,173.5,True
3007,1999-08-31,142.3,False
3008,1999-09-30,106.3,False
3009,1999-10-31,168.7,True
3010,1999-11-30,188.3,True
3011,1999-12-31,116.8,False
3012,2000-01-31,133.1,False
3013,2000-02-29,165.7,False
3014,2000-03-31,217.7,True
3015,2000-04-30,191.5,True
3016,2000-05-31,165.9,True
3017,2000-06-30,188.0,True
3018,2000-07-31,244.3,True
3019,2000-08-31,180.5,True
3020,2000-09-30,156.0,False
3021,2000-10-31,141.6,False
3022,2000-11-30,158.1,True
3023,2000-12-31,143.3,False
3024,2001-01-31,142.6,False
3025,2001-02-28,121.5,False
3026,2001-03-31,165.8,False
3027,2001-04-30,161.7,False
3028,2001-05-31,142.1,False
3029,2001-06-30,202.9,True
3030,2001-07-31,123.0,False
3031,2001-08-31,161.5,False
3032,2001-09-30,238.2,True
3033,2001-10-31,194.1,True
3034,2001-11-30,176.6,True
3035,2001-12-31,213.4,True
3036,2002-01-31,184.6,True
3037,2002-02-28,170.2,True
3038,2002-03-31,147.1,False
3039,2002-04-30,186.9,True
3040,2002-05-31,187.5,True
3041,2002-06-30,128.8,False
3042,2002-07-31,161.0,False
3043,2002-08-31,175.6,True
3044,2002-09-30,187.9,True
3045,2002-10-31,151.2,False
3046,2002-11-30,147.2,False
3047,2002-12-31,135.3,False
3048,2003-01-31,133.5,False
3049,2003-02-28,75.7,False
3050,2003-03-31,100.7,False
3051,2003-04-30,97.9,False
3052,2003-05-31,86.8,False
3053,2003-06-30,118.7,False
3054,2003-07-31,128.3,False
3055,2003-08-31,115.4,False
3056,2003-09-30,78.5,False
3057,2003-10-31,97.8,False
3058,2003-11-30,82.9,False
3059,2003-12-31,72.2,False
3060,2004-01-31,60.6,False
3061,2004-02-29,74.6,False
3062,2004-03-31,74.8,False
3063,2004-04-30,59.2,False
3064,2004-05-31,72.8,False
3065,2004-06-30,66.5,False
3066,2004-07-31,83.8,False
3067,2004-08-31,69.7,False
3068,2004-09-30,48.8,False
3069,2004-10-31,74.2,False
3070,2004-11-30,70.1,False
3071,2004-12-31,28.9,False
3072,2005-01-31,48.1,False
3073,2005-02-28,43.5,False
3074,2005-03-31,39.6,False
3075,2005-04-30,38.7,False
3076,2005-05-31,61.9,False
3077,2005-06-30,56.8,False
3078,2005-07-31,62.4,False
3079,2005-08-31,60.5,False
3080,2005-09-30,37.2,False
3081,2005-10-31,13.2,False
3082,2005-11-30,27.5,False
3083,2005-12-31,59.3,False
3084,2006-01-31,20.9,False
3085,2006-02-28,5.7,False
3086,2006-03-31,17.3,False
3087,2006-04-30,50.3,False
3088,2006-05-31,37.2,False
3089,2006-06-30,24.5,False
3090,2006-07-31,22.2,False
3091,2006-08-31,20.8,False
3092,2006-09-30,23.7,False
3093,2006-10-31,14.9,False
3094,2006-11-30,35.7,False
3095,2006-12-31,22.3,False
3096,2007-01-31,29.3,False
3097,2007-02-28,18.4,False
3098,2007-03-31,7.2,False
3099,2007-04-30,5.4,False
3100,2007-05-31,19.5,False
3101,2007-06-30,21.3,False
3102,2007-07-31,15.1,False
3103,2007-08-31,9.8,False
3104,2007-09-30,4.0,False
3105,2007-10-31,1.5,False
3106,2007-11-30,2.8,False
3107,2007-12-31,17.3,False
3108,2008-01-31,4.1,False
3109,2008-02-29,2.9,False
3110,2008-03-31,15.5,False
3111,2008-04-30,3.6,False
3112,2008-05-31,4.6,False
3113,2008-06-30,5.2,False
3114,2008-07-31,0.6,False
3115,2008-08-31,0.3,False
3116,2008-09-30,1.2,False
3117,2008-10-31,4.2,False
3118,2008-11-30,6.6,False
3119,2008-12-31,1.0,False
3120,2009-01-31,1.3,False
3121,2009-02-28,1.2,False
3122,2009-03-31,0.6,False
3123,2009-04-30,1.2,False
3124,2009-05-31,2.9,False
3125,2009-06-30,6.3,False
3126,2009-07-31,5.5,False
3127,2009-08-31,0.0,False
3128,2009-09-30,7.1,False
3129,2009-10-31,7.7,False
3130,2009-11-30,6.9,False
3131,2009-12-31,16.3,False
3132,2010-01-31,19.5,False
3133,2010-02-28,28.5,False
3134,2010-03-31,24.0,False
3135,2010-04-30,10.4,False
3136,2010-05-31,13.9,False
3137,2010-06-30,18.8,False
3138,2010-07-31,25.2,False
3139,2010-08-31,29.6,False
3140,2010-09-30,36.4,False
3141,2010-10-31,33.6,False
3142,2010-11-30,34.4,False
3143,2010-12-31,24.5,False
3144,2011-01-31,27.3,False
3145,2011-02-28,48.3,False
3146,2011-03-31,78.6,False
3147,2011-04-30,76.1,False
3148,2011-05-31,58.2,False
3149,2011-06-30,56.1,False
3150,2011-07-31,64.5,False
3151,2011-08-31,65.8,False
3152,2011-09-30,120.1,False
3153,2011-10-31,125.7,False
3154,2011-11-30,139.1,False
3155,2011-12-31,109.3,False
3156,2012-01-31,94.4,False
3157,2012-02-29,47.8,False
3158,2012-03-31,86.6,False
3159,2012-04-30,85.9,False
3160,2012-05-31,96.5,False
3161,2012-06-30,92.0,False
3162,2012-07-31,100.1,False
3163,2012-08-31,94.8,False
3164,2012-09-30,93.7,False
3165,2012-10-31,76.5,False
3166,2012-11-30,87.6,False
3167,2012-12-31,56.8,False
3168,2013-01-31,96.1,False
3169,2013-02-28,60.9,False
3170,2013-03-31,78.3,False
3171,2013-04-30,107.3,False
3172,2013-05-31,120.2,False
3173,2013-06-30,76.7,False
3174,2013-07-31,86.2,False
3175,2013-08-31,91.8,False
3176,2013-09-30,54.5,False
3177,2013-10-31,114.4,False
3178,2013-11-30,113.9,False
3179,2013-12-31,124.2,False
3180,2014-01-31,117.0,False
3181,2014-02-28,146.1,False
3182,2014-03-31,128.7,False
3183,2014-04-30,112.5,False
3184,2014-05-31,112.5,False
3185,2014-06-30,102.9,False
3186,2014-07-31,100.2,False
3187,2014-08-31,106.9,False
3188,2014-09-30,130.0,False
3189,2014-10-31,90.0,False
3190,2014-11-30,103.6,False
3191,2014-12-31,112.9,False
3192,2015-01-31,93.0,False
3193,2015-02-28,66.7,False
3194,2015-03-31,54.5,False
3195,2015-04-30,75.3,False
3196,2015-05-31,88.8,False
3197,2015-06-30,66.5,False
3198,2015-07-31,65.8,False
3199,2015-08-31,64.4,False
3200,2015-09-30,78.6,False
3201,2015-10-31,63.6,False
3202,2015-11-30,62.2,False
3203,2015-12-31,58.0,False
3204,2016-01-31,57.0,False
3205,2016-02-29,56.4,False
3206,2016-03-31,54.1,False
3207,2016-04-30,37.9,False
3208,2016-05-31,51.5,False
3209,2016-06-30,20.5,False
3210,2016-07-31,32.4,False
3211,2016-08-31,50.2,False
3212,2016-09-30,44.6,False
3213,2016-10-31,33.4,False
3214,2016-11-30,21.4,False
3215,2016-12-31,18.5,False
3216,2017-01-31,26.1,False
3217,2017-02-28,26.4,False
3218,2017-03-31,17.7,False
3219,2017-04-30,32.3,False
3220,2017-05-31,18.9,False
3221,2017-06-30,19.2,False
3222,2017-07-31,17.8,False
3223,2017-08-31,32.6,False
3224,2017-09-30,43.7,False
3225,2017-10-31,13.2,False
3226,2017-11-30,5.7,False
3227,2017-12-31,8.2,False
3228,2018-01-31,6.8,False
3229,2018-02-28,10.7,False
3230,2018-03-31,2.5,False
3231,2018-04-30,8.9,False
3232,2018-05-31,13.1,False
3233,2018-06-30,15.6,False
3234,2018-07-31,1.6,False
3235,2018-08-31,8.7,False
3236,2018-09-30,3.3,False
3237,2018-10-31,4.9,False
3238,2018-11-30,4.9,False
3239,2018-12-31,3.1,False
3240,2019-01-31,7.7,False
3241,2019-02-28,0.8,False
3242,2019-03-31,9.4,False
3243,2019-04-30,9.1,False
3244,2019-05-31,9.9,False
3245,2019-06-30,1.2,False
3246,2019-07-31,0.9,False
3247,2019-08-31,0.5,False
3248,2019-09-30,1.1,False
3249,2019-10-31,0.4,False
3250,2019-11-30,0.5,False
3251,2019-12-31,1.5,False
3252,2020-01-31,6.2,False
3253,2020-02-29,0.2,False
3254,2020-03-31,1.5,False
3255,2020-04-30,5.2,False
3256,2020-05-31,0.2,False
3257,2020-06-30,5.8,False
3258,2020-07-31,6.1,False
3259,2020-08-31,7.5,False
3260,2020-09-30,0.6,False
3261,2020-10-31,14.4,False
3262,2020-11-30,34.0,False
3263,2020-12-31,21.8,False
3264,2021-01-31,10.4,False
