,,VAR_Model
Date,Monthly Mean Total Sunspot Number,anomaly
17510131,116.7,0
17510228,72.5,1
17510331,75.5,0
17510430,94,0
17510531,101.2,0
17510630,84.5,0
17510731,110.5,0
17510831,99.7,0
17510930,39.2,1
17511031,38.7,0
17511130,47.5,0
17511231,73.3,0
17520131,58.3,0
17520229,83.3,0
17520331,118.3,1
17520430,98.8,0
17520531,99.5,0
17520630,66,0
17520731,130.7,1
17520831,48.8,1
17520930,45.2,0
17521031,77.7,0
17521130,62.7,0
17521231,66.7,0
17530131,73.3,0
17530228,53.3,0
17530331,76.2,0
17530430,63.3,0
17530531,60,0
17530630,52.8,0
17530731,36.7,0
17530831,65,0
17530930,46.7,0
17531031,41.7,0
17531130,33.3,0
17531231,11.2,0
17540131,0,0
17540228,5,0
17540331,2.8,0
17540430,22.8,0
17540531,34.5,0
17540630,44.5,0
17540731,31.3,0
17540831,20.5,0
17540930,13.7,0
17541031,40.2,0
17541130,22,0
17541231,7,0
17550131,17,0
17550228,18.7,0
17550331,11.3,0
17550430,10.8,0
17550531,0,0
17550630,0,0
17550731,14.3,0
17550831,5.3,0
17550930,29.7,0
17551031,39.5,0
17551130,11.3,0
17551231,33.3,0
17560131,20.8,0
17560229,11.8,0
17560331,9,0
17560430,15.7,0
17560531,20.8,0
17560630,21.5,0
17560731,6,0
17560831,10.7,0
17560930,19.7,0
17561031,23.8,0
17561130,28.3,0
17561231,15.7,0
17570131,23.5,0
17570228,35.3,0
17570331,43.7,0
17570430,50,0
17570531,63.5,0
17570630,21.3,0
17570731,41.7,0
17570831,85.5,0
17570930,66.2,0
17571031,54.2,0
17571130,107.8,1
17571231,55.8,0
17580131,62.7,0
17580228,86.7,0
17580331,81.7,0
17580430,120.5,0
17580531,77.3,0
17580630,75,0
17580731,73.3,0
17580831,64.5,0
17580930,104.2,0
17581031,62.8,0
17581130,71.7,0
17581231,71.7,0
17590131,80.5,0
17590228,73.3,0
17590331,78,0
17590430,78.3,0
17590531,81.7,0
17590630,83.3,0
17590731,85,0
17590831,118.8,0
17590930,128.7,0
17591031,99.5,0
17591130,77.2,0
17591231,95,0
17600131,112.2,0
17600229,99.2,0
17600331,124.5,0
17600430,97.2,0
17600531,120,0
17600630,80.5,0
17600731,110,0
17600831,126,0
17600930,102.2,0
17601031,84.3,0
17601130,99.5,0
17601231,101.7,0
17610131,116.7,0
17610228,151.7,0
17610331,134.5,0
17610430,119.5,0
17610531,178.7,1
17610630,165.5,0
17610731,156.8,0
17610831,151.8,0
17610930,167.8,0
17611031,147.8,0
17611130,149.5,0
17611231,76.7,1
17620131,73,0
17620228,121.3,0
17620331,76.2,1
17620430,100.3,0
17620531,66.5,0
17620630,128.5,0
17620731,56.3,1
17620831,112.8,0
17620930,114.2,0
17621031,115.5,0
17621130,129.7,0
17621231,128.7,0
17630131,94.2,0
17630228,53.2,0
17630331,57,0
17630430,54.8,0
17630531,54.5,0
17630630,59.7,0
17630731,90.3,0
17630831,44.2,0
17630930,113.5,1
17631031,77.2,0
17631130,101.5,0
17631231,102.3,0
17640131,99.5,0
17640229,99.5,0
17640331,67,0
17640430,57.3,0
17640531,73.8,0
17640630,50,0
17640731,50,0
17640831,50,0
17640930,47,0
17641031,46.7,0
17641130,43.3,0
17641231,42.8,0
17650131,40,0
17650228,43.3,0
17650331,41.7,0
17650430,36.7,0
17650531,33.7,0
17650630,33.3,0
17650731,45,0
17650831,49.5,0
17650930,26.7,0
17651031,23.3,0
17651130,23.3,0
17651231,21.7,0
17660131,20,0
17660228,18.3,0
17660331,61,0
17660430,10,0
17660531,44.7,0
17660630,5,0
17660731,5.5,0
17660831,6.7,0
17660930,7.2,0
17661031,8.3,0
17661130,9.5,0
17661231,32,0
17670131,45.7,0
17670228,50,0
17670331,71.7,0
17670430,54.8,0
17670531,49.7,0
17670630,55.5,0
17670731,36.5,0
17670831,68,0
17670930,71.2,0
17671031,73.5,0
17671130,91.2,0
17671231,88.8,0
17680131,89.2,0
17680229,110.2,0
17680331,77.2,0
17680430,71.2,0
17680531,129.5,0
17680630,129,0
17680731,87.7,0
17680831,111.3,0
17680930,124.7,0
17681031,129.7,0
17681130,151,0
17681231,186.3,1
17690131,123.2,0
17690228,107,0
17690331,107.2,0
17690430,161.2,0
17690531,122.7,0
17690630,157.3,0
17690731,197.7,1
17690831,200.5,0
17690930,248,1
17691031,263.7,1
17691130,246.8,0
17691231,186.7,0
17700131,173.3,0
17700228,237.5,1
17700331,133.5,1
17700430,85,1
17700531,116.8,0
17700630,138.8,0
17700731,183,0
17700831,210.5,0
17700930,174,0
17701031,172.7,0
17701130,220.3,0
17701231,170.5,0
17710131,60,1
17710228,77,0
17710331,77.8,0
17710430,108.2,0
17710531,254.5,1
17710630,199.2,0
17710731,112.8,1
17710831,97.5,0
17710930,169,1
17711031,150,0
17711130,166.2,0
17711231,159.5,0
17720131,168.2,0
17720229,151.3,0
17720331,51.8,1
17720430,153.7,1
17720531,63.3,1
17720630,95,0
17720731,128.8,0
17720831,93.7,0
17720930,84.2,0
17721031,131,0
17721130,102.2,0
17721231,106.7,0
17730131,91,0
17730228,48.3,0
17730331,85.3,0
17730430,54.8,0
17730531,68.5,0
17730630,47.3,0
17730731,46.2,0
17730831,21.2,0
17730930,48.8,0
17731031,43.8,0
17731130,68.2,0
17731231,72,0
17740131,78,0
17740228,109,1
17740331,92.8,0
17740430,73,0
17740531,85.5,0
17740630,47.5,0
17740731,29.2,0
17740831,11,0
17740930,13.2,0
17741031,23.3,0
17741130,29.5,0
17741231,20.3,0
17750131,7.3,0
17750228,0,0
17750331,19.3,0
17750430,18.7,0
17750531,6.5,0
17750630,20.5,0
17750731,1.7,0
17750831,13.2,0
17750930,5.3,0
17751031,9.3,0
17751130,25.2,0
17751231,13.2,0
17760131,36.2,0
17760229,19.3,0
17760331,10.5,0
17760430,36.3,0
17760531,18.7,0
17760630,31.7,0
17760731,1.7,0
17760831,40.3,0
17760930,26.7,0
17761031,50,0
17761130,58.3,0
17761231,66.7,0
17770131,75,0
17770228,60.8,0
17770331,65,0
17770430,159.2,1
17770531,133.8,0
17770630,134.5,0
17770731,158.3,0
17770831,186.7,1
17770930,193.7,0
17771031,177.5,0
17771130,243.3,1
17771231,262.2,1
17780131,295.5,1
17780228,182.2,1
17780331,223.3,0
17780430,241.7,0
17780531,398.2,1
17780630,286,1
17780731,255,0
17780831,233.3,0
17780930,286.2,0
17781031,260.5,0
17781130,250.5,0
17781231,175,1
17790131,191.2,0
17790228,276.2,0
17790331,196.7,1
17790430,241.7,0
17790531,233.3,0
17790630,189.5,0
17790731,238.3,0
17790831,186.7,1
17790930,185,0
17791031,206.7,0
17791130,190,0
17791231,183.3,0
17800131,116.7,1
17800229,163.3,0
17800331,163.3,0
17800430,158.3,0
17800531,178.7,0
17800630,146.7,0
17800731,143.3,0
17800831,143.3,0
17800930,156.2,0
17801031,128.3,0
17801130,100,0
17801231,97.8,0
17810131,164.5,1
17810228,124.5,0
17810331,88.3,0
17810430,113.8,0
17810531,174.5,1
17810630,162.8,0
17810731,122.5,0
17810831,110,0
17810930,85,0
17811031,45.5,1
17811130,111.7,0
17811231,58.7,0
17820131,90,0
17820228,62.5,0
17820331,61.7,0
17820430,68.3,0
17820531,90.5,0
17820630,63.3,0
17820731,61.7,0
17820831,73.3,0
17820930,56.7,0
17821031,38.7,0
17821130,52.5,0
17821231,50,0
17830131,46.7,0
17830228,64.5,0
17830331,44.5,0
17830430,47.2,0
17830531,38.3,0
17830630,42,0
17830731,53.7,0
17830831,33.3,0
17830930,30,0
17831031,13.3,0
17831130,25,0
17831231,17.5,0
17840131,21.7,0
17840229,13.3,0
17840331,18.3,0
17840430,16.7,0
17840531,10,0
17840630,15,0
17840731,10,0
17840831,16.7,0
17840930,16.7,0
17841031,13.3,0
17841130,28.3,0
17841231,23.3,0
17850131,10.8,0
17850228,13.3,0
17850331,15,0
17850430,26.2,0
17850531,34.5,0
17850630,43.8,0
17850731,60.5,0
17850831,33.3,0
17850930,53.3,0
17851031,78.7,0
17851130,67,0
17851231,45.5,0
17860131,62,0
17860228,79.3,0
17860331,79.5,0
17860430,142.3,1
17860531,153.8,0
17860630,98.3,0
17860731,138.3,0
17860831,149.5,0
17860930,185.8,1
17861031,187.2,0
17861130,193.3,0
17861231,187.8,0
17870131,224.5,0
17870228,176.7,0
17870331,145.7,0
17870430,212,0
17870531,224.7,0
17870630,165.3,1
17870731,213.3,0
17870831,228.7,0
17870930,262.2,0
17871031,261.7,0
17871130,235.8,0
17871231,290,1
17880131,230,0
17880229,215.3,0
17880331,238.8,0
17880430,180.8,1
17880531,188.3,0
17880630,257,1
17880731,235.8,0
17880831,226.7,0
17880930,235,0
17881031,236.7,0
17881130,157.8,1
17881231,215.8,0
17890131,190,0
17890228,208.8,0
17890331,200,0
17890430,205.5,0
17890531,205.8,0
17890630,200,0
17890731,195,0
17890831,171.7,0
17890930,186.7,0
17891031,149.5,0
17891130,223.3,1
17891231,225.8,0
17900131,171.7,0
17900228,212.5,0
17900331,160.5,0
17900430,156.7,0
17900531,155,0
17900630,151.7,0
17900731,115.5,0
17900831,145,0
17900930,128.8,0
17901031,140.5,0
17901130,136.7,0
17901231,123.3,0
17910131,121.2,0
17910228,103.3,0
17910331,123.3,0
17910430,128.7,0
17910531,122.8,0
17910630,107,0
17910731,118.3,0
17910831,71.7,0
17910930,110.8,0
17911031,102.8,0
17911130,111.7,0
17911231,110,0
17920131,96.7,0
17920229,106.7,0
17920331,105,0
17920430,126.2,0
17920531,103.3,0
17920630,101.7,0
17920731,76.3,0
17920831,100,0
17920930,98.3,0
17921031,98.3,0
17921130,95,0
17921231,93.3,0
17930131,93.3,0
17930228,91.7,0
17930331,92.5,0
17930430,88.3,0
17930531,87.2,0
17930630,85,0
17930731,83.3,0
17930831,48.8,0
17930930,40,0
17931031,78.3,0
17931130,73.3,0
17931231,76.2,0
17940131,75,0
17940228,73.3,0
17940331,63.3,0
17940430,47.3,0
17940531,92.8,0
17940630,69.2,0
17940731,68.3,0
17940831,66.7,0
17940930,18.5,1
17941031,47.5,0
17941130,112.3,1
17941231,85.7,0
17950131,35.7,0
17950228,66.5,0
17950331,21,1
17950430,31,0
17950531,51.7,0
17950630,28.5,0
17950731,21.5,0
17950831,42.8,0
17950930,22.5,0
17951031,32.5,0
17951130,41.7,0
17951231,30,0
17960131,36.7,0
17960229,39.7,0
17960331,26.2,0
17960430,52.8,0
17960531,35,0
17960630,11.2,0
17960731,44.8,0
17960831,2.5,0
17960930,30.7,0
17961031,18.3,0
17961130,14,0
17961231,8.5,0
17970131,24,0
17970228,7,0
17970331,6.7,0
17970430,6.7,0
17970531,12.2,0
17970630,18.5,0
17970731,7.2,0
17970831,10,0
17970930,9.5,0
17971031,11.5,0
17971130,9.7,0
17971231,5,0
17980131,3.3,0
17980228,6.7,0
17980331,20.7,0
17980430,1.8,0
17980531,0,0
17980630,0,0
17980731,0,0
17980831,5,0
17980930,4,0
17981031,2.5,0
17981130,20.8,0
17981231,16.5,0
17990131,2.7,0
17990228,21,0
17990331,36.2,0
17990430,14,0
17990531,13.7,0
17990630,17.7,0
17990731,3.5,0
17990831,0,0
17990930,0,0
17991031,7.7,0
17991130,4.5,0
17991231,14.3,0
18000131,11.5,0
18000228,15.5,0
18000331,23.2,0
18000430,0,0
18000531,8.3,0
18000630,39.5,0
18000731,35,0
18000831,32.5,0
18000930,19.2,0
18001031,20.5,0
18001130,17.5,0
18001231,66.8,0
18010131,45,0
18010228,48.3,0
18010331,50,0
18010430,51.7,0
18010531,53.3,0
18010630,52,0
18010731,58.3,0
18010831,64.5,0
18010930,55.8,0
18011031,54.3,0
18011130,66.3,0
18011231,80.3,0
18020131,79.7,0
18020228,78.3,0
18020331,68,0
18020430,70,0
18020531,73.3,0
18020630,76.7,0
18020731,80,0
18020831,83.3,0
18020930,86.3,0
18021031,64.2,0
18021130,57.5,0
18021231,83.3,0
18030131,83.3,0
18030228,84.7,0
18030331,49.2,0
18030430,41.7,0
18030531,73.8,0
18030630,60,0
18030731,80.5,0
18030831,56.8,0
18030930,75.5,0
18031031,90.5,0
18031130,85,0
18031231,80,0
18040131,75.5,0
18040229,80.5,0
18040331,80,0
18040430,84.3,0
18040531,55.7,0
18040630,58,0
18040731,49.7,0
18040831,71.8,0
18040930,88.3,0
18041031,103.8,0
18041130,101.7,0
18041231,100,0
18050131,101.7,0
18050228,73.5,0
18050331,85.7,0
18050430,62.5,0
18050531,65,0
18050630,67.5,0
18050731,62.7,0
18050831,71.2,0
18050930,74,0
18051031,49,0
18051130,68.3,0
18051231,63.8,0
18060131,65,0
18060228,49.3,0
18060331,54.5,0
18060430,46.2,0
18060531,44,0
18060630,42.7,0
18060731,50,0
18060831,43.8,0
18060930,40,0
18061031,45,0
18061130,41.7,0
18061231,40,0
18070131,20,0
18070228,20.3,0
18070331,16,0
18070430,39.7,0
18070531,16.7,0
18070630,20,0
18070731,21.2,0
18070831,20,0
18070930,9.5,0
18071031,13.3,0
18071130,4.3,0
18071231,0,0
18080131,0,0
18080229,7.5,0
18080331,0,0
18080430,20.5,0
18080531,22.5,0
18080630,22.5,0
18080731,11.2,0
18080831,13.3,0
18080930,19.5,0
18081031,7.8,0
18081130,17.5,0
18081231,20.5,0
18090131,12,0
18090228,15.3,0
18090331,1.5,0
18090430,4.2,0
18090531,3.3,0
18090630,12.8,0
18090731,0.5,0
18090831,0.3,0
18090930,0.7,0
18091031,0,0
18091130,0,0
18091231,0,0
18100131,0,0
18100228,0,0
18100331,0,0
18100430,0,0
18100531,0,0
18100630,0,0
18100731,0,0
18100831,0,0
18100930,0,0
18101031,0,0
18101130,0,0
18101231,0,0
18110131,0,0
18110228,0,0
18110331,0,0
18110430,0,0
18110531,0,0
18110630,0,0
18110731,11,0
18110831,0,0
18110930,4,0
18111031,10.2,0
18111130,1.3,0
18111231,1.8,0
18120131,18.8,0
18120229,3.2,0
18120331,1.2,0
18120430,0,0
18120531,1.7,0
18120630,2.2,0
18120731,0.8,0
18120831,26,0
18120930,8.7,0
18121031,6.5,0
18121130,13.2,0
18121231,16.8,0
18130131,0,0
18130228,17.2,0
18130331,3.2,0
18130430,27.7,0
18130531,9.2,0
18130630,18.7,0
18130731,30.5,0
18130831,14,0
18130930,25.5,0
18131031,46.3,0
18131130,27.8,0
18131231,23.8,0
18140131,37,0
18140228,20,0
18140331,9.5,0
18140430,39.7,0
18140531,9.7,0
18140630,24.8,0
18140731,30.8,0
18140831,3.8,0
18140930,13.5,0
18141031,32.2,0
18141130,24.2,0
18141231,33.5,0
18150131,32,0
18150228,53.7,0
18150331,43.7,0
18150430,52.7,0
18150531,16.3,0
18150630,93.2,1
18150731,59.2,0
18150831,78.7,0
18150930,52.5,0
18151031,55.8,0
18151130,62,0
18151231,108.3,0
18160131,43.8,0
18160229,114.7,1
18160331,122.8,0
18160430,98,0
18160531,73.8,0
18160630,72.7,0
18160731,64.7,0
18160831,38.7,1
18160930,79.7,0
18161031,94,0
18161130,63.5,0
18161231,49.8,0
18170131,60.7,0
18170228,96.5,0
18170331,160.3,1
18170430,44,1
18170531,35.3,0
18170630,66.7,0
18170731,83.3,0
18170831,75,0
18170930,61.2,0
18171031,42.7,0
18171130,48.2,0
18171231,47.3,0
18180131,58.1,0
18180228,37.4,0
18180331,42.4,0
18180430,57.5,0
18180531,88.5,0
18180630,60.8,0
18180731,46.8,0
18180831,52.6,0
18180930,43.4,0
18181031,52.8,0
18181130,18.3,0
18181231,43,0
18190131,54.7,0
18190228,34.6,0
18190331,6.3,0
18190430,33.7,0
18190531,32.6,0
18190630,58.3,0
18190731,52.5,0
18190831,43.5,0
18190930,24.8,0
18191031,45.9,0
18191130,41.8,0
18191231,50.9,0
18200131,32,0
18200229,44.4,0
18200331,7.5,0
18200430,32.3,0
18200531,48.9,0
18200630,17.9,0
18200731,34.1,0
18200831,43.1,0
18200930,8.6,0
18201031,14.9,0
18201130,13.2,0
18201231,15.1,0
18210131,36,0
18210228,7,0
18210331,9.5,0
18210430,15.2,0
18210531,2.8,0
18210630,3,0
18210731,4.3,0
18210831,8,0
18210930,7.3,0
18211031,31.4,0
18211130,7.3,0
18211231,0.4,0
18220131,0,0
18220228,1.5,0
18220331,26.9,0
18220430,21.7,0
18220531,2.4,0
18220630,9.3,0
18220731,13.2,0
18220831,3.4,0
18220930,0,0
18221031,0.6,0
18221130,0,0
18221231,0,0
18230131,0,0
18230228,0,0
18230331,1,0
18230430,0,0
18230531,0,0
18230630,0,0
18230731,0.8,0
18230831,0,0
18230930,0,0
18231031,0,0
18231130,0,0
18231231,34,0
18240131,36,0
18240229,18,0
18240331,0,0
18240430,32.3,0
18240531,4.6,0
18240630,0,0
18240731,0,0
18240831,2.3,0
18240930,34.3,0
18241031,42,0
18241130,0,0
18241231,1.4,0
18250131,8.4,0
18250228,25.9,0
18250331,37.4,0
18250430,6.2,0
18250531,25.8,0
18250630,25.6,0
18250731,51.5,0
18250831,42.8,0
18250930,26.2,0
18251031,26,0
18251130,19.6,0
18251231,36.7,0
18260131,29.4,0
18260228,30.2,0
18260331,61.3,0
18260430,40,0
18260531,53.9,0
18260630,61.7,0
18260731,87.5,0
18260831,66,0
18260930,31.6,0
18261031,84.4,0
18261130,65.8,0
18261231,113.6,0
18270131,57.7,0
18270228,79,0
18270331,96.3,0
18270430,76.7,0
18270531,93.8,0
18270630,94.4,0
18270731,70.4,0
18270831,89.4,0
18270930,82.6,0
18271031,93.5,0
18271130,80.4,0
18271231,76.8,0
18280131,88,0
18280229,107.3,0
18280331,108.5,0
18280430,101.9,0
18280531,148.6,1
18280630,163.4,0
18280731,90.4,1
18280831,127.3,0
18280930,83.9,0
18281031,91.1,0
18281130,95,0
18281231,78.1,0
18290131,71.6,0
18290228,82.3,0
18290331,120.6,0
18290430,158.4,1
18290531,112.3,0
18290630,123.2,0
18290731,151.5,0
18290831,129.3,0
18290930,88,0
18291031,95.3,0
18291130,112.7,0
18291231,94.1,0
18300131,87,0
18300228,120.1,0
18300331,141,0
18300430,177.3,1
18300531,110.5,0
18300630,108.4,0
18300731,73.2,1
18300831,84.6,0
18300930,103.4,0
18301031,140.6,0
18301130,135.4,0
18301231,136.8,0
18310131,79,1
18310228,83.6,0
18310331,155.8,1
18310430,90.9,0
18310531,63.4,0
18310630,55.6,0
18310731,75.4,0
18310831,91.6,0
18310930,63.2,0
18311031,77.1,0
18311130,72.5,0
18311231,48.3,0
18320131,51.5,0
18320229,92.6,0
18320331,91.9,0
18320430,44.8,0
18320531,68.9,0
18320630,44.5,0
18320731,23.3,0
18320831,14.8,0
18320930,13.7,0
18321031,35.2,0
18321130,23.8,0
18321231,45.8,0
18330131,18.7,0
18330228,24.9,0
18330331,19.6,0
18330430,4.6,0
18330531,21.5,0
18330630,1.7,0
18330731,11.6,0
18330831,9.5,0
18330930,19.3,0
18331031,12.5,0
18331130,9.8,0
18331231,16.6,0
18340131,8.2,0
18340228,30.1,0
18340331,6.5,0
18340430,2.4,0
18340531,14.8,0
18340630,13.1,0
18340731,14.4,0
18340831,6.6,0
18340930,19.2,0
18341031,41.3,0
18341130,50.9,0
18341231,57.5,0
18350131,12.4,0
18350228,40.7,0
18350331,32.7,0
18350430,102.4,1
18350531,72.6,0
18350630,55.2,0
18350731,99.6,0
18350831,98.5,0
18350930,168,1
18351031,158.6,0
18351130,166.7,0
18351231,129.3,0
18360131,147.6,0
18360229,179.4,0
18360331,163.7,0
18360430,238,1
18360531,185.7,0
18360630,207.9,0
18360731,194.6,0
18360831,179.6,0
18360930,158.5,0
18361031,228.9,0
18361130,201.5,0
18361231,343.8,1
18370131,313.4,0
18370228,292.6,0
18370331,224.3,1
18370430,230.3,0
18370531,186.1,1
18370630,263.4,0
18370731,271.2,0
18370831,223.5,0
18370930,160.4,1
18371031,206.2,0
18371130,178.4,0
18371231,216.1,0
18380131,241.5,0
18380228,141.3,1
18380331,234.5,1
18380430,211.1,0
18380531,229.4,0
18380630,157.6,0
18380731,180.4,0
18380831,131.3,0
18380930,122.7,0
18381031,151.5,0
18381130,129.2,0
18381231,132.9,0
18390131,175.9,1
18390228,170.8,0
18390331,129.5,0
18390430,102.9,0
18390531,89.6,0
18390630,91.2,0
18390731,141.3,1
18390831,218.8,1
18390930,221.1,1
18391031,151.5,0
18391130,114.7,0
18391231,106.2,0
18400131,135.4,0
18400229,146.1,0
18400331,112.9,0
18400430,109.8,0
18400531,115.4,0
18400630,80.9,0
18400731,101,0
18400831,96.4,0
18400930,123.3,0
18401031,91.7,0
18401130,90.4,0
18401231,89.5,0
18410131,40.1,1
18410228,49.9,0
18410331,49.6,0
18410430,66.9,0
18410531,112.4,1
18410630,92.8,0
18410731,51.4,0
18410831,65.4,0
18410930,60.9,0
18411031,47.4,0
18411130,32.9,0
18411231,64.8,0
18420131,34,0
18420228,36.8,0
18420331,36.2,0
18420430,44.9,0
18420531,41.4,0
18420630,34.2,0
18420731,21,0
18420831,44.4,0
18420930,30.6,0
18421031,63.5,0
18421130,67.5,0
18421231,29.3,0
18430131,22.2,0
18430228,5.9,0
18430331,13.9,0
18430430,15.8,0
18430531,35.1,0
18430630,17.6,0
18430731,15.9,0
18430831,19.6,0
18430930,6.9,0
18431031,8.9,0
18431130,31.7,0
18431231,21.2,0
18440131,15.7,0
18440229,24.5,0
18440331,22.5,0
18440430,34.6,0
18440531,19.2,0
18440630,6.2,0
18440731,35.2,0
18440831,39.7,0
18440930,11.6,0
18441031,35.9,0
18441130,17.9,0
18441231,36,0
18450131,42.8,0
18450228,72.8,0
18450331,72.1,0
18450430,95,0
18450531,79.7,0
18450630,51.8,0
18450731,51,0
18450831,53.9,0
18450930,49.3,0
18451031,67.8,0
18451130,65.7,0
18451231,99.5,0
18460131,64.6,0
18460228,84.9,0
18460331,106.5,0
18460430,115.5,0
18460531,99.9,0
18460630,108.4,0
18460731,77.5,0
18460831,91.3,0
18460930,178.6,1
18461031,93.4,1
18461130,100.6,0
18461231,109.1,0
18470131,104.4,0
18470228,74.9,0
18470331,143,1
18470430,74.6,1
18470531,125.7,0
18470630,142.2,0
18470731,87.1,1
18470831,234.3,1
18470930,268.2,1
18471031,300.6,1
18471130,231.5,0
18471231,182.6,0
18480131,265.2,1
18480229,186.4,1
18480331,181.2,0
18480430,178.6,0
18480531,170.5,0
18480630,214.9,0
18480731,232,0
18480831,220.9,0
18480930,167.3,0
18481031,220.6,0
18481130,191,0
18481231,265.8,1
18490131,298.3,1
18490228,250.3,0
18490331,182.7,1
18490430,194.7,0
18490531,153.2,1
18490630,154.2,0
18490731,148.2,0
18490831,128.6,0
18490930,178,0
18491031,135.7,0
18491130,188.2,0
18491231,184.3,0
18500131,148.2,0
18500228,169.8,0
18500331,156.8,0
18500430,83.8,1
18500531,117,0
18500630,133,0
18500731,74.3,0
18500831,117,0
18500930,163.7,1
18501031,134.9,0
18501130,104.1,0
18501231,115.9,0
18510131,143.5,1
18510228,200.1,1
18510331,122.8,0
18510430,107.3,0
18510531,118.9,0
18510630,120,0
18510731,68.6,1
18510831,109,0
18510930,128.9,0
18511031,118.7,0
18511130,96.8,0
18511231,135.5,0
18520131,129.9,0
18520229,126.2,0
18520331,116.2,0
18520430,124.3,0
18520531,104.3,0
18520630,89,0
18520731,80,0
18520831,75.3,0
18520930,71.2,0
18521031,127.9,1
18521130,103.1,0
18521231,86.1,0
18530131,77.9,0
18530228,81.5,0
18530331,71.6,0
18530430,90.4,0
18530531,65.9,0
18530630,76,0
18530731,87.2,0
18530831,95.8,0
18530930,63.7,0
18531031,80.5,0
18531130,54.7,0
18531231,44.5,0
18540131,29.3,0
18540228,38,0
18540331,39.4,0
18540430,50.3,0
18540531,45.6,0
18540630,40.1,0
18540731,35.5,0
18540831,30.1,0
18540930,42.6,0
18541031,24.1,0
18541130,53.5,0
18541231,41.1,0
18550131,23.4,0
18550228,21.6,0
18550331,33,0
18550430,8.4,0
18550531,17.3,0
18550630,10,0
18550731,0.7,0
18550831,5.9,0
18550930,0,0
18551031,18.3,0
18551130,7.9,0
18551231,5.8,0
18560131,1,0
18560229,9.3,0
18560331,0.7,0
18560430,12.4,0
18560531,0,0
18560630,9.8,0
18560731,8.8,0
18560831,11.3,0
18560930,8.4,0
18561031,8.5,0
18561130,14.7,0
18561231,13.7,0
18570131,26,0
18570228,14.2,0
18570331,10,0
18570430,21.1,0
18570531,54.2,0
18570630,30.5,0
18570731,42.2,0
18570831,32,0
18570930,80.6,0
18571031,77.1,0
18571130,59.6,0
18571231,70.7,0
18580131,74.2,0
18580228,66.3,0
18580331,109.2,0
18580430,72.8,0
18580531,78.6,0
18580630,84.5,0
18580731,107.7,0
18580831,104.9,0
18580930,152.2,1
18581031,173.2,0
18581130,98.6,1
18581231,127,0
18590131,159,0
18590228,166.4,0
18590331,171.5,0
18590430,162.9,0
18590531,172.8,0
18590630,165.2,0
18590731,180.7,0
18590831,203,0
18590930,200.9,0
18591031,217.8,0
18591130,184.6,0
18591231,153.9,0
18600131,156.6,0
18600229,167.9,0
18600331,188,0
18600430,135.7,1
18600531,203.5,0
18600630,206.3,0
18600731,221.9,0
18600831,190.5,0
18600930,175.2,0
18601031,171.1,0
18601130,186,0
18601231,181.7,0
18610131,118.5,1
18610228,147.5,0
18610331,192,1
18610430,187.1,0
18610531,107.8,1
18610630,167.5,0
18610731,148.2,0
18610831,156.7,0
18610930,151.9,0
18611031,127.7,0
18611130,102,0
18611231,152.8,0
18620131,119.9,0
18620228,122.4,0
18620331,82.7,0
18620430,102.1,0
18620531,122.4,0
18620630,159.7,1
18620731,139.5,0
18620831,118.7,0
18620930,126.4,0
18621031,79.8,0
18621130,96,0
18621231,77.6,0
18630131,91.8,0
18630228,107.7,0
18630331,126,0
18630430,77.1,0
18630531,102.1,0
18630630,77.6,0
18630731,62,0
18630831,91.3,0
18630930,41.7,0
18631031,75.7,0
18631130,71.6,0
18631231,78.1,0
18640131,109.7,1
18640229,89.5,0
18640331,125.9,1
18640430,68.1,0
18640531,77.1,0
18640630,109.9,0
18640731,103.8,0
18640831,104.1,0
18640930,54.2,0
18641031,64.4,0
18641130,109.3,0
18641231,54.3,1
18650131,92.5,0
18650228,74.6,0
18650331,75,0
18650430,55.9,0
18650531,65.6,0
18650630,63.8,0
18650731,50.8,0
18650831,71.8,0
18650930,41,0
18651031,32.5,0
18651130,46.7,0
18651231,24.3,0
18660131,60,0
18660228,72.9,0
18660331,46.6,0
18660430,33.5,0
18660531,24.6,0
18660630,31.4,0
18660731,17.6,0
18660831,24.2,0
18660930,13.9,0
18661031,26.8,0
18661130,17.2,0
18661231,2.9,0
18670131,0,0
18670228,1.4,0
18670331,17.4,0
18670430,9.7,0
18670531,5.5,0
18670630,2.8,0
18670731,9.5,0
18670831,9.1,0
18670930,18.7,0
18671031,25.5,0
18671130,18.1,0
18671231,47.9,0
18680131,25.9,0
18680229,26.3,0
18680331,44,0
18680430,61.1,0
18680531,44.5,0
18680630,51.8,0
18680731,48.3,0
18680831,57.3,0
18680930,78.7,0
18681031,102.8,0
18681130,98.7,0
18681231,112.8,0
18690131,101.6,0
18690228,99.9,0
18690331,88,0
18690430,68.4,0
18690531,173.4,1
18690630,180.7,0
18690731,98.8,1
18690831,132.7,0
18690930,134.5,0
18691031,99,0
18691130,130.2,0
18691231,174.1,0
18700131,129,0
18700228,191.7,1
18700331,262.7,1
18700430,266.9,1
18700531,293.6,1
18700630,226.3,0
18700731,220.9,0
18700831,256.5,0
18700930,226.8,0
18701031,244.3,0
18701130,246,0
18701231,216.7,0
18710131,147.2,1
18710228,209,0
18710331,238.7,0
18710430,270.9,0
18710531,242.6,0
18710630,152.9,1
18710731,171.8,0
18710831,183.7,0
18710930,133.9,1
18711031,148.5,0
18711130,175.7,0
18711231,150.8,0
18720131,132.7,0
18720229,200.3,1
18720331,147.5,0
18720430,170.4,0
18720531,179.5,0
18720630,183.3,0
18720731,176,0
18720831,155,0
18720930,191.1,1
18721031,171.2,0
18721130,186.8,0
18721231,139.9,0
18730131,144.6,0
18730228,178.4,0
18730331,164,0
18730430,127.1,0
18730531,80,1
18730630,74.8,0
18730731,111.7,0
18730831,113.8,0
18730930,78.7,0
18731031,78.6,0
18731130,92.5,0
18731231,82,0
18740131,101.4,0
18740228,107.1,0
18740331,77.5,0
18740430,53.5,0
18740531,74.6,0
18740630,63.8,0
18740731,113.2,1
18740831,102.3,0
18740930,46.8,0
18741031,57.4,0
18741130,48.2,0
18741231,48.8,0
18750131,24.4,0
18750228,35.9,0
18750331,56.4,0
18750430,48.6,0
18750531,19.2,0
18750630,39.9,0
18750731,20.9,0
18750831,24.4,0
18750930,4,0
18751031,21.3,0
18751130,29.6,0
18751231,16.5,0
18760131,23.9,0
18760229,25.1,0
18760331,51.1,0
18760430,3.9,0
18760531,8.5,0
18760630,2.7,0
18760731,25.5,0
18760831,14.8,0
18760930,16.6,0
18761031,23.9,0
18761130,16.6,0
18761231,13.6,0
18770131,40.6,0
18770228,14.5,0
18770331,19.9,0
18770430,26.3,0
18770531,36.1,0
18770630,23.6,0
18770731,10,0
18770831,10.5,0
18770930,28.1,0
18771031,11.2,0
18771130,23.6,0
18771231,3.5,0
18780131,5.5,0
18780228,11,0
18780331,13.1,0
18780430,0.2,0
18780531,9.9,0
18780630,10.7,0
18780731,0.2,0
18780831,0,0
18780930,8.8,0
18781031,1.9,0
18781130,6.8,0
18781231,0.9,0
18790131,1.6,0
18790228,0.9,0
18790331,0,0
18790430,10.4,0
18790531,4,0
18790630,8,0
18790731,12.6,0
18790831,17.9,0
18790930,10.1,0
18791031,20.4,0
18791130,21.9,0
18791231,12.2,0
18800131,40.1,0
18800229,45.4,0
18800331,32.1,0
18800430,32.4,0
18800531,39.1,0
18800630,56.9,0
18800731,36.5,0
18800831,80.3,0
18800930,110.1,1
18801031,71.7,0
18801130,51.1,0
18801231,49.4,0
18810131,60.6,0
18810228,88.6,0
18810331,85.8,0
18810430,86.1,0
18810531,72.5,0
18810630,100.8,0
18810731,128.2,0
18810831,97.3,0
18810930,88.6,0
18811031,107.3,0
18811130,91.5,0
18811231,78.8,0
18820131,75,0
18820228,115.9,0
18820331,111.5,0
18820430,159.6,1
18820531,106.9,0
18820630,75.4,0
18820731,75.7,0
18820831,67.5,0
18820930,96.1,0
18821031,98.6,0
18821130,140.6,1
18821231,69.7,1
18830131,101,0
18830228,78.2,0
18830331,71.3,0
18830430,136.8,1
18830531,52.5,1
18830630,127.2,1
18830731,134.4,0
18830831,76.6,0
18830930,87.8,0
18831031,139.6,1
18831130,140.8,0
18831231,126.5,0
18840131,152.6,0
18840229,144.8,0
18840331,145.8,0
18840430,126.9,0
18840531,110.9,0
18840630,85.3,0
18840731,88.5,0
18840831,93.1,0
18840930,103.1,0
18841031,79.6,0
18841130,60.9,0
18841231,78.6,0
18850131,71.4,0
18850228,119.7,0
18850331,82.9,0
18850430,91.7,0
18850531,121.6,0
18850630,139.5,0
18850731,110.9,0
18850831,83.5,0
18850930,66,0
18851031,64.5,0
18851130,51.6,0
18851231,36.3,0
18860131,49.8,0
18860228,43.2,0
18860331,95.5,1
18860430,72.9,0
18860531,51.2,0
18860630,45.3,0
18860731,50.4,0
18860831,28.1,0
18860930,35.7,0
18861031,14.4,0
18861130,0.6,0
18861231,21.7,0
18870131,17,0
18870228,22,0
18870331,7.1,0
18870430,11.6,0
18870531,33.4,0
18870630,26.1,0
18870731,38.9,0
18870831,35.7,0
18870930,12.4,0
18871031,11,0
18871130,11.5,0
18871231,34.5,0
18880131,21.2,0
18880229,11.8,0
18880331,13.1,0
18880430,8.5,0
18880531,11.7,0
18880630,11.8,0
18880731,5,0
18880831,4.6,0
18880930,14.6,0
18881031,3.4,0
18881130,17.9,0
18881231,11.1,0
18890131,1.3,0
18890228,14.2,0
18890331,11.1,0
18890430,7.3,0
18890531,4,0
18890630,10.8,0
18890731,15.8,0
18890831,34.3,0
18890930,10.9,0
18891031,3.4,0
18891130,0.3,0
18891231,11.2,0
18900131,8.8,0
18900228,1.1,0
18900331,8.5,0
18900430,2.7,0
18900531,7.9,0
18900630,2.2,0
18900731,19.3,0
18900831,14.2,0
18900930,28.6,0
18901031,18.6,0
18901130,15.9,0
18901231,13.1,0
18910131,22.5,0
18910228,36.9,0
18910331,17.2,0
18910430,34.2,0
18910531,68.5,0
18910630,80.4,0
18910731,98,0
18910831,55.1,0
18910930,89.7,0
18911031,86,0
18911130,69.8,0
18911231,54.3,0
18920131,115.2,1
18920229,126.1,0
18920331,83.3,0
18920430,116,0
18920531,132.7,0
18920630,127.3,0
18920731,127.6,0
18920831,169,0
18920930,104.7,1
18921031,117.5,0
18921130,108.9,0
18921231,131,0
18930131,125,0
18930228,121.6,0
18930331,109.5,0
18930430,146.8,0
18930531,141.3,0
18930630,149.8,0
18930731,147.6,0
18930831,215.4,1
18930930,129.9,1
18931031,133.3,0
18931130,125.2,0
18931231,156.4,0
18940131,138.6,0
18940228,141,0
18940331,87.1,1
18940430,136,0
18940531,168.7,0
18940630,164.8,0
18940731,176.7,0
18940831,117.1,0
18940930,110,0
18941031,125.7,0
18941130,94.3,0
18941231,100.1,0
18950131,105.4,0
18950228,112,0
18950331,101.6,0
18950430,128.2,0
18950531,112.5,0
18950630,119.1,0
18950731,79.7,0
18950831,114.9,0
18950930,96.1,0
18951031,113.2,0
18951130,78.6,0
18951231,117.9,0
18960131,48.4,1
18960229,95.7,0
18960331,86.5,0
18960430,73,0
18960531,46.1,0
18960630,81.7,0
18960731,75.2,0
18960831,45.4,0
18960930,102.2,1
18961031,47.9,0
18961130,63.3,0
18961231,71,0
18970131,67.6,0
18970228,49,0
18970331,48.7,0
18970430,51.7,0
18970531,33.3,0
18970630,18.9,0
18970731,46.1,0
18970831,36.4,0
18970930,80.4,0
18971031,23.9,0
18971130,14,0
18971231,55.5,0
18980131,50.4,0
18980228,60.7,0
18980331,63.9,0
18980430,24.2,0
18980531,43,0
18980630,37.1,0
18980731,15,0
18980831,52.3,0
18980930,58.1,0
18981031,57.1,0
18981130,51.6,0
18981231,21.1,0
18990131,32.4,0
18990228,15.3,0
18990331,30.3,0
18990430,23.6,0
18990531,12.9,0
18990630,34.1,0
18990731,22.5,0
18990831,4.9,0
18990930,14,0
18991031,21.7,0
18991130,13,0
18991231,17.6,0
19000131,15.7,0
19000228,22.8,0
19000331,14.4,0
19000430,26.8,0
19000531,25.3,0
19000630,20.1,0
19000731,13.9,0
19000831,7.1,0
19000930,13.9,0
19001031,21.6,0
19001130,7.5,0
19001231,0.5,0
19010131,0.4,0
19010228,4,0
19010331,7.4,0
19010430,0,0
19010531,17,0
19010630,9.7,0
19010731,1.2,0
19010831,1.7,0
19010930,0.9,0
19011031,6.3,0
19011130,6.4,0
19011231,0,0
19020131,9.3,0
19020228,0,0
19020331,20.7,0
19020430,0,0
19020531,4.7,0
19020630,2.4,0
19020731,1.5,0
19020831,3.8,0
19020930,12.6,0
19021031,27.2,0
19021130,17.2,0
19021231,1.8,0
19030131,13.9,0
19030228,28.4,0
19030331,22.5,0
19030430,43.5,0
19030531,24.3,0
19030630,27.2,0
19030731,46.4,0
19030831,48,0
19030930,18.5,0
19031031,64.8,0
19031130,74.2,0
19031231,76.2,0
19040131,52.6,0
19040229,40.8,0
19040331,61.9,0
19040430,71.6,0
19040531,65.7,0
19040630,69.8,0
19040731,84.3,0
19040831,97.1,0
19040930,50.2,0
19041031,90.4,0
19041130,63.4,0
19041231,91.1,0
19050131,91.2,0
19050228,143,1
19050331,94.3,0
19050430,65.5,0
19050531,79.9,0
19050630,81.6,0
19050731,121.6,0
19050831,98.1,0
19050930,91.8,0
19051031,131.2,0
19051130,178.7,1
19051231,92.5,1
19060131,75.8,0
19060228,52.3,1
19060331,107.4,0
19060430,92.2,0
19060531,96.2,0
19060630,105.3,0
19060731,172.7,1
19060831,79.6,1
19060930,93.5,0
19061031,29.7,1
19061130,64.8,0
19061231,108,0
19070131,127.4,0
19070228,180.3,1
19070331,101.1,0
19070430,87.6,0
19070531,71.4,0
19070630,67.2,0
19070731,82.9,0
19070831,90.5,0
19070930,141.7,1
19071031,109.1,0
19071130,102.5,0
19071231,78.9,0
19080131,65.4,0
19080229,56.6,0
19080331,47.9,0
19080430,96.1,0
19080531,68,0
19080630,80.2,0
19080731,65.8,0
19080831,150.9,1
19080930,144.9,0
19081031,53.9,1
19081130,75.9,0
19081231,65.9,0
19090131,94.6,0
19090228,77.6,0
19090331,110.5,0
19090430,53.7,0
19090531,60,0
19090630,37.8,0
19090731,59.6,0
19090831,38.5,0
19090930,64.7,0
19091031,97.4,0
19091130,93,0
19091231,90.2,0
19100131,44,0
19100228,52.5,0
19100331,35.7,0
19100430,14.1,0
19100531,36.9,0
19100630,20.5,0
19100731,23.5,0
19100831,19.3,0
19100930,43.7,0
19101031,63.9,0
19101130,8.3,0
19101231,9.6,0
19110131,5.6,0
19110228,15,0
19110331,13,0
19110430,27.6,0
19110531,15.1,0
19110630,3.7,0
19110731,5.9,0
19110831,6.7,0
19110930,6.7,0
19111031,4.5,0
19111130,7,0
19111231,3.7,0
19120131,0.4,0
19120229,0,0
19120331,8.2,0
19120430,7.6,0
19120531,7.4,0
19120630,6.9,0
19120731,4.9,0
19120831,0.5,0
19120930,15.9,0
19121031,7.6,0
19121130,1.9,0
19121231,10.6,0
19130131,3.8,0
19130228,4.8,0
19130331,0.8,0
19130430,1.6,0
19130531,0,0
19130630,0,0
19130731,2.9,0
19130831,0.4,0
19130930,2,0
19131031,5.2,0
19131130,1.2,0
19131231,6.3,0
19140131,4.7,0
19140228,4.4,0
19140331,5.3,0
19140430,28.9,0
19140531,8.7,0
19140630,19.1,0
19140731,9.1,0
19140831,12.9,0
19140930,21.2,0
19141031,13.7,0
19141130,27.3,0
19141231,37.3,0
19150131,38.5,0
19150228,70.4,0
19150331,64.8,0
19150430,68.9,0
19150531,55.1,0
19150630,114.7,1
19150731,119.4,0
19150831,116,0
19150930,82.4,0
19151031,89.1,0
19151130,70.9,0
19151231,57.5,0
19160131,75.5,0
19160229,92.4,0
19160331,111.7,0
19160430,119.8,0
19160531,124,0
19160630,112.9,0
19160731,89.3,0
19160831,58.6,1
19160930,75.1,0
19161031,84.5,0
19161130,109.5,0
19161231,88.3,0
19170131,124.5,0
19170228,119.9,0
19170331,158,1
19170430,124.6,0
19170531,190.2,1
19170630,191.4,0
19170731,199.7,0
19170831,257.7,1
19170930,215.6,0
19171031,120.3,1
19171130,160.7,0
19171231,215.5,0
19180131,160,0
19180228,108.7,1
19180331,120.4,0
19180430,134.1,0
19180531,127.9,0
19180630,99,1
19180731,179.5,1
19180831,169.6,0
19180930,133.2,0
19181031,141.7,0
19181130,139,0
19181231,98.5,0
19190131,80.2,0
19190228,132.5,0
19190331,110.9,0
19190430,86.3,0
19190531,146.9,1
19190630,185.3,1
19190731,107.8,0
19190831,115.1,0
19190930,91.1,0
19191031,88,0
19191130,69.9,0
19191231,58,0
19200131,85.3,0
19200229,89.8,0
19200331,116.9,0
19200430,24.7,1
19200531,55.4,0
19200630,64.6,0
19200731,45.7,0
19200831,31.9,0
19200930,60.5,0
19201031,82.7,0
19201130,45.3,0
19201231,49.8,0
19210131,52.5,0
19210228,47.1,0
19210331,44.5,0
19210430,54,0
19210531,37,0
19210630,56.2,0
19210731,69.7,0
19210831,38,0
19210930,29.6,0
19211031,30.3,0
19211130,29.6,0
19211231,33.9,0
19220131,19.7,0
19220228,43.9,0
19220331,91.3,1
19220430,18.3,1
19220531,13.4,0
19220630,9.8,0
19220731,18.3,0
19220831,10.9,0
19220930,7.8,0
19221031,10.4,0
19221130,12.2,0
19221231,29,0
19230131,7.5,0
19230228,2.5,0
19230331,5.5,0
19230430,10.2,0
19230531,5.3,0
19230630,15.3,0
19230731,5.9,0
19230831,0.8,0
19230930,22.1,0
19231031,19.5,0
19231130,16.7,0
19231231,4.6,0
19240131,0.8,0
19240229,8.5,0
19240331,3,0
19240430,18.9,0
19240531,34.6,0
19240630,40,0
19240731,46.9,0
19240831,32.1,0
19240930,41.9,0
19241031,42.6,0
19241130,37.5,0
19241231,27.5,0
19250131,9.1,0
19250228,38.6,0
19250331,30,0
19250430,53,0
19250531,71.4,0
19250630,79.1,0
19250731,64.2,0
19250831,63.3,0
19250930,100.3,0
19251031,115.3,0
19251130,97.6,0
19251231,164.4,1
19260131,119.7,0
19260228,116.4,0
19260331,104.2,0
19260430,64.2,1
19260531,107,0
19260630,122.4,0
19260731,87.2,0
19260831,102.7,0
19260930,101.4,0
19261031,119.3,0
19261130,100.8,0
19261231,132.4,0
19270131,136,0
19270228,155.1,0
19270331,116.1,0
19270430,155.8,0
19270531,131.9,0
19270630,98.5,0
19270731,91.6,0
19270831,89.6,0
19270930,114.1,0
19271031,105.2,0
19271130,112.1,0
19271231,75.3,0
19280131,139.2,1
19280229,122.4,0
19280331,142.4,0
19280430,134.3,0
19280531,128.3,0
19280630,152.4,0
19280731,163.4,0
19280831,139.6,0
19280930,149.6,0
19281031,102.3,0
19281130,83.9,0
19281231,98.3,0
19290131,114.8,0
19290228,104.7,0
19290331,83.8,0
19290430,87.9,0
19290531,97,0
19290630,119.9,0
19290731,117.1,0
19290831,109.6,0
19290930,57.3,1
19291031,90.1,0
19291130,135.1,1
19291231,179.9,1
19300131,108.8,0
19300228,83.1,0
19300331,58.4,0
19300430,63.7,0
19300531,61.4,0
19300630,48,0
19300731,36.5,0
19300831,41.5,0
19300930,53.5,0
19301031,57.2,0
19301130,59.4,0
19301231,43,0
19310131,24.4,0
19310228,71.8,0
19310331,50.1,0
19310430,52,0
19310531,40.8,0
19310630,25.5,0
19310731,29,0
19310831,21.6,0
19310930,31.7,0
19311031,16.6,0
19311130,31.2,0
19311231,29.7,0
19320131,20.1,0
19320229,17.6,0
19320331,18.8,0
19320430,18.7,0
19320531,29.7,0
19320630,36.9,0
19320731,16,0
19320831,11.3,0
19320930,6.6,0
19321031,14.8,0
19321130,13.7,0
19321231,18.5,0
19330131,20.4,0
19330228,36.9,0
19330331,16.8,0
19330430,4.9,0
19330531,5.3,0
19330630,8.7,0
19330731,4.7,0
19330831,0.4,0
19330930,8.5,0
19331031,5,0
19331130,1,0
19331231,0.4,0
19340131,5.7,0
19340228,12.9,0
19340331,7.2,0
19340430,18.8,0
19340531,32.9,0
19340630,11.2,0
19340731,15.3,0
19340831,13.9,0
19340930,6.7,0
19341031,9.5,0
19341130,14.5,0
19341231,25.7,0
19350131,31.1,0
19350228,34.1,0
19350331,38.5,0
19350430,20.4,0
19350531,45.4,0
19350630,76.2,0
19350731,56.5,0
19350831,50.2,0
19350930,70.1,0
19351031,88.7,0
19351130,107,0
19351231,102.5,0
19360131,104.7,0
19360229,123.9,0
19360331,128.4,0
19360430,124.8,0
19360531,90.9,0
19360630,116.7,0
19360731,87.2,0
19360831,145,0
19360930,126.7,0
19361031,148.2,0
19361130,192.3,1
19361231,205.6,0
19370131,220.9,0
19370228,214.1,0
19370331,139.7,1
19370430,182.2,0
19370531,194.4,0
19370630,217.1,0
19370731,241.8,0
19370831,229.5,0
19370930,167.9,1
19371031,208.2,0
19371130,123.9,1
19371231,147.9,0
19380131,164,0
19380228,198.6,0
19380331,144.2,0
19380430,168.4,0
19380531,212.3,0
19380630,162.6,0
19380731,275.6,1
19380831,192.8,0
19380930,149.3,0
19381031,165.3,0
19381130,203.6,0
19381231,154.7,0
19390131,133.9,0
19390228,129,0
19390331,107.8,0
19390430,181.9,1
19390531,197.3,0
19390630,168.3,0
19390731,162.6,0
19390831,176.3,0
19390930,187.7,0
19391031,146.9,0
19391130,113.7,0
19391231,70.2,1
19400131,84.1,0
19400229,99.1,0
19400331,138.9,0
19400430,101.1,0
19400531,90.6,0
19400630,139.8,0
19400731,112.5,0
19400831,175.9,1
19400930,110.8,0
19401031,91.5,0
19401130,97.4,0
19401231,113.8,0
19410131,76.1,0
19410228,74.3,0
19410331,77.5,0
19410430,54.6,0
19410531,49,0
19410630,99.6,0
19410731,111.4,0
19410831,100.1,0
19410930,109.8,0
19411031,77.2,0
19411130,64,0
19411231,56.2,0
19420131,59.5,0
19420228,87.9,0
19420331,90.4,0
19420430,101.2,0
19420531,41.8,1
19420630,18.9,0
19420731,29.6,0
19420831,33.7,0
19420930,28.7,0
19421031,32,0
19421130,51.3,0
19421231,37.6,0
19430131,20.7,0
19430228,48.1,0
19430331,45.7,0
19430430,43.5,0
19430531,23.6,0
19430630,12.7,0
19430731,22,0
19430831,32.3,0
19430930,16.7,0
19431031,13,0
19431130,17,0
19431231,31.4,0
19440131,6.1,0
19440229,0.8,0
19440331,18.3,0
19440430,0.4,0
19440531,4.1,0
19440630,8.2,0
19440731,8.5,0
19440831,27.9,0
19440930,23.7,0
19441031,28.1,0
19441130,17.9,0
19441231,47.4,0
19450131,30.8,0
19450228,21.2,0
19450331,35.9,0
19450430,53.4,0
19450531,51,0
19450630,60.2,0
19450731,71,0
19450831,43.1,0
19450930,58.1,0
19451031,114.5,1
19451130,76.6,0
19451231,45.7,0
19460131,79.3,0
19460228,143.8,1
19460331,127.7,0
19460430,126.1,0
19460531,141.6,0
19460630,122.6,0
19460731,193.7,1
19460831,178.7,0
19460930,157.4,0
19461031,170.5,0
19461130,206.3,0
19461231,202.9,0
19470131,163.7,0
19470228,188.9,0
19470331,183.8,0
19470430,212.1,0
19470531,285,1
19470630,232.1,0
19470731,223.5,0
19470831,267.4,0
19470930,239.9,0
19471031,231.7,0
19471130,181.3,1
19471231,164.9,1
19480131,153.6,0
19480229,122,1
19480331,134.3,0
19480430,268.5,1
19480531,246.4,0
19480630,237.5,0
19480731,201.4,0
19480831,223.7,0
19480930,202.9,0
19481031,192.9,0
19481130,135.6,0
19481231,195.3,1
19490131,168.6,0
19490228,258,1
19490331,223,0
19490430,208.1,0
19490531,150.4,0
19490630,172.4,0
19490731,178.3,0
19490831,175.3,0
19490930,205.8,0
19491031,186.3,0
19491130,203.2,0
19491231,166.6,0
19500131,143.9,0
19500228,134.3,0
19500331,155.4,0
19500430,160.6,0
19500531,150.5,0
19500630,118.3,0
19500731,128.9,0
19500831,120.6,0
19500930,72.7,1
19501031,87,0
19501130,77.7,0
19501231,76.7,0
19510131,85,0
19510228,84.8,0
19510331,79.3,0
19510430,131.7,1
19510531,153.7,1
19510630,142.4,0
19510731,87.2,0
19510831,86.5,0
19510930,117.7,0
19511031,73.3,0
19511130,74.2,0
19511231,65,0
19520131,57.9,0
19520229,32.4,0
19520331,31.5,0
19520430,41.7,0
19520531,33.6,0
19520630,52,0
19520731,56.1,0
19520831,77.8,0
19520930,40.4,0
19521031,34.2,0
19521130,31.8,0
19521231,48.9,0
19530131,37.9,0
19530228,5.9,0
19530331,14.7,0
19530430,39.6,0
19530531,18.3,0
19530630,31.5,0
19530731,12.7,0
19530831,33.6,0
19530930,28,0
19531031,12.3,0
19531130,2.5,0
19531231,3.9,0
19540131,0.4,0
19540228,0.8,0
19540331,15.8,0
19540430,2.7,0
19540531,1.2,0
19540630,0.4,0
19540731,7.3,0
19540831,12.6,0
19540930,2.3,0
19541031,10.5,0
19541130,13.4,0
19541231,11.3,0
19550131,33.4,0
19550228,29.9,0
19550331,7.3,0
19550430,16.4,0
19550531,41.3,0
19550630,45.2,0
19550731,38.2,0
19550831,58,0
19550930,60.8,0
19551031,83,0
19551130,126.3,1
19551231,108.8,0
19560131,104.1,0
19560229,175.6,1
19560331,167.7,0
19560430,156.7,0
19560531,193.4,0
19560630,165.1,0
19560731,182.7,0
19560831,240.2,1
19560930,245.4,0
19561031,219.9,0
19561130,285,1
19561231,272,0
19570131,233.7,0
19570228,184.5,1
19570331,222.8,0
19570430,248,0
19570531,233,0
19570630,284.3,0
19570731,265.1,0
19570831,223.7,0
19570930,334,1
19571031,359.4,1
19571130,298.6,0
19571231,339,1
19580131,286.7,0
19580228,233.6,1
19580331,270,0
19580430,277.6,0
19580531,248.2,0
19580630,242.9,0
19580731,271,0
19580831,283.5,0
19580930,285.1,0
19581031,256.9,0
19581130,215.6,0
19581231,265.7,0
19590131,307.7,1
19590228,202.6,1
19590331,263,1
19590430,231.3,0
19590531,243.6,0
19590630,238.9,0
19590731,211.9,0
19590831,282.6,1
19590930,205.6,0
19591031,157.7,1
19591130,175.6,0
19591231,177.1,0
19600131,207.2,0
19600229,149.9,0
19600331,144.6,0
19600430,172.7,0
19600531,169.3,0
19600630,156,0
19600731,172.4,0
19600831,190,0
19600930,180.1,0
19601031,117.3,0
19601130,126.9,0
19601231,121.2,0
19610131,82.1,0
19610228,65.4,0
19610331,75.2,0
19610430,86.9,0
19610531,72.3,0
19610630,109.5,0
19610731,99.3,0
19610831,79.2,0
19610930,90.1,0
19611031,53.7,0
19611130,46.5,0
19611231,56.9,0
19620131,55.1,0
19620228,71.7,0
19620331,64.9,0
19620430,65.9,0
19620531,61.9,0
19620630,59.6,0
19620731,31.4,0
19620831,31.5,0
19620930,72.7,0
19621031,56.1,0
19621130,38.8,0
19621231,33.2,0
19630131,28.7,0
19630228,35.2,0
19630331,24.8,0
19630430,41.7,0
19630531,61.1,0
19630630,51.2,0
19630731,28.7,0
19630831,47.5,0
19630930,55.2,0
19631031,50.1,0
19631130,33.7,0
19631231,21.6,0
19640131,22.6,0
19640229,25.3,0
19640331,24.1,0
19640430,12.9,0
19640531,14.3,0
19640630,13.5,0
19640731,4.8,0
19640831,13.8,0
19640930,7,0
19641031,9.2,0
19641130,11.1,0
19641231,22.1,0
19650131,25.4,0
19650228,20.8,0
19650331,17.5,0
19650430,10.2,0
19650531,34.5,0
19650630,23.3,0
19650731,17.3,0
19650831,13.3,0
19650930,24.5,0
19651031,29.1,0
19651130,22.8,0
19651231,24.7,0
19660131,40.3,0
19660228,35.3,0
19660331,36.4,0
19660430,69,0
19660531,64.2,0
19660630,67.7,0
19660731,80.2,0
19660831,72.6,0
19660930,71.1,0
19661031,81.2,0
19661130,81,0
19661231,99.8,0
19670131,157,1
19670228,132.6,0
19670331,158.3,0
19670430,98.4,1
19670531,122.5,0
19670630,95.4,0
19670731,129.5,0
19670831,151.8,0
19670930,108.7,0
19671031,125,0
19671130,133.6,0
19671231,179,0
19680131,172.5,0
19680229,158.5,0
19680331,130.5,0
19680430,115,0
19680531,180,0
19680630,156.2,0
19680731,136.2,0
19680831,154.8,0
19680930,166,0
19681031,152.5,0
19681130,121.7,0
19681231,155.5,0
19690131,147.8,0
19690228,170.5,0
19690331,192.3,0
19690430,151.1,0
19690531,169.9,0
19690630,150.1,0
19690731,137.1,0
19690831,138.8,0
19690930,129.3,0
19691031,135.4,0
19691130,132.4,0
19691231,138.6,0
19700131,157.9,0
19700228,180.8,0
19700331,145.7,0
19700430,155.1,0
19700531,180.5,0
19700630,151.3,0
19700731,159.3,0
19700831,131.7,0
19700930,140.8,0
19701031,122.6,0
19701130,134.8,0
19701231,118.2,0
19710131,129.2,0
19710228,111.8,0
19710331,85.9,0
19710430,101.6,0
19710531,81.5,0
19710630,70.7,0
19710731,114.7,0
19710831,87,0
19710930,71.3,0
19711031,73.4,0
19711130,89.5,0
19711231,116.5,0
19720131,87,0
19720229,125.3,1
19720331,113.5,0
19720430,89.6,0
19720531,113.9,0
19720630,124.7,0
19720731,108.3,0
19720831,108.9,0
19720930,90.7,0
19721031,86.9,0
19721130,59.2,0
19721231,64.3,0
19730131,61.8,0
19730228,60.9,0
19730331,65.4,0
19730430,81.8,0
19730531,60.3,0
19730630,56.1,0
19730731,33.2,0
19730831,36.6,0
19730930,84.1,0
19731031,43.7,0
19731130,34.3,0
19731231,33.3,0
19740131,39.4,0
19740228,37.3,0
19740331,30.9,0
19740430,57.5,0
19740531,56.3,0
19740630,51.5,0
19740731,79.1,0
19740831,47.9,0
19740930,57.2,0
19741031,67.2,0
19741130,35.9,0
19741231,29.6,0
19750131,27.3,0
19750228,16.7,0
19750331,16.9,0
19750430,7.7,0
19750531,13.1,0
19750630,16.7,0
19750731,40.4,0
19750831,56.7,0
19750930,20.3,0
19751031,13.6,0
19751130,27.9,0
19751231,11.6,0
19760131,11.9,0
19760229,6.4,0
19760331,31.5,0
19760430,27.3,0
19760531,18.2,0
19760630,17.9,0
19760731,2.9,0
19760831,24.1,0
19760930,20,0
19761031,29.7,0
19761130,7.9,0
19761231,22.3,0
19770131,23.8,0
19770228,33.3,0
19770331,13,0
19770430,19,0
19770531,27,0
19770630,54.9,0
19770731,30.6,0
19770831,43,0
19770930,62.4,0
19771031,62.1,0
19771130,41.6,0
19771231,61.4,0
19780131,73.7,0
19780228,132.6,1
19780331,108.4,0
19780430,141.2,0
19780531,117.1,0
19780630,134.6,0
19780731,99.7,0
19780831,82.4,0
19780930,195.7,1
19781031,177.1,0
19781130,138.5,0
19781231,173.9,0
19790131,235.9,1
19790228,194.7,0
19790331,195.3,0
19790430,143.7,1
19790531,190.3,0
19790630,211.7,0
19790731,225.7,0
19790831,201.4,0
19790930,266.9,1
19791031,263.6,0
19791130,259.5,0
19791231,249.6,0
19800131,226.1,0
19800229,219.4,0
19800331,178.7,1
19800430,232.2,0
19800531,254.7,0
19800630,222.7,0
19800731,192.9,0
19800831,191.7,0
19800930,219.6,0
19801031,233.3,0
19801130,209.5,0
19801231,246.9,0
19810131,156.6,1
19810228,189.9,0
19810331,196.6,0
19810430,225.3,0
19810531,194.7,0
19810630,131.6,1
19810731,205.3,1
19810831,242.5,1
19810930,245.3,0
19811031,216.2,0
19811130,186,0
19811231,195.4,0
19820131,149.8,0
19820228,230.9,1
19820331,221.1,0
19820430,170.3,0
19820531,119.3,1
19820630,163.7,0
19820731,139.4,0
19820831,161.9,0
19820930,167.4,0
19821031,134.3,0
19821130,127.5,0
19821231,169,0
19830131,115.5,0
19830228,73.1,1
19830331,88.7,0
19830430,109.6,0
19830531,132.5,0
19830630,131.5,0
19830731,108.9,0
19830831,96,0
19830930,69.9,0
19831031,72.5,0
19831130,45.7,0
19831231,45.6,0
19840131,74.8,0
19840229,110.2,0
19840331,116.7,0
19840430,90.4,0
19840531,96.9,0
19840630,65.1,0
19840731,55.7,0
19840831,35,0
19840930,22.6,0
19841031,12.6,0
19841130,26.5,0
19841231,21.4,0
19850131,17.8,0
19850228,20.7,0
19850331,16.9,0
19850430,20.4,0
19850531,32.4,0
19850630,28.3,0
19850731,39.9,0
19850831,10.1,0
19850930,4.3,0
19851031,22,0
19851130,17.9,0
19851231,15.8,0
19860131,2.8,0
19860228,27.9,0
19860331,13.8,0
19860430,22.4,0
19860531,16.1,0
19860630,0.6,0
19860731,18.1,0
19860831,9.9,0
19860930,5.1,0
19861031,40.1,0
19861130,15.4,0
19861231,5.8,0
19870131,9.8,0
19870228,3.4,0
19870331,17.4,0
19870430,46,0
19870531,39.1,0
19870630,18.8,0
19870731,38.2,0
19870831,47.9,0
19870930,42.2,0
19871031,63.4,0
19871130,48.8,0
19871231,29.1,0
19880131,70.5,0
19880229,45.4,0
19880331,91.2,0
19880430,108.8,0
19880531,74.2,0
19880630,124.3,1
19880731,131.4,0
19880831,139.4,0
19880930,142.7,0
19881031,156.5,0
19881130,156.8,0
19881231,231.2,1
19890131,210.1,0
19890228,208.7,0
19890331,170.4,0
19890430,166.3,0
19890531,195.4,0
19890630,284.5,1
19890731,180.5,1
19890831,232,0
19890930,225.1,0
19891031,212.2,0
19891130,238.2,0
19891231,211.4,0
19900131,227.4,0
19900228,171.8,1
19900331,191.7,0
19900430,189.7,0
19900531,175.2,0
19900630,153.3,0
19900731,191.1,0
19900831,252.1,1
19900930,169.1,1
19901031,199.4,0
19901130,178.8,0
19901231,197.1,0
19910131,195.3,0
19910228,240.3,1
19910331,197,0
19910430,197.6,0
19910531,166.9,0
19910630,224.7,1
19910731,240.2,0
19910831,240.8,0
19910930,168.9,0
19911031,197.1,0
19911130,159.5,0
19911231,212.6,0
19920131,198.3,0
19920229,230.7,0
19920331,151,1
19920430,142.2,0
19920531,94.3,1
19920630,98.5,0
19920731,114.2,0
19920831,91.9,0
19920930,94,0
19921031,133.4,0
19921130,129.6,0
19921231,122,0
19930131,81.4,0
19930228,127.8,1
19930331,102.4,0
19930430,94.4,0
19930531,78.8,0
19930630,69.6,0
19930731,80.4,0
19930831,62.5,0
19930930,31.2,0
19931031,71.1,0
19931130,48.2,0
19931231,68.4,0
19940131,84.9,0
19940228,54.9,0
19940331,47.5,0
19940430,27.4,0
19940531,29.8,0
19940630,39.7,0
19940731,50.6,0
19940831,34.3,0
19940930,40.5,0
19941031,67.1,0
19941130,29.5,0
19941231,32.2,0
19950131,32.6,0
19950228,45.8,0
19950331,46.3,0
19950430,21.6,0
19950531,19.4,0
19950630,22.5,0
19950731,20.4,0
19950831,18.2,0
19950930,15.7,0
19951031,30.6,0
19951130,14,0
19951231,14.9,0
19960131,13.3,0
19960229,7.7,0
19960331,12.6,0
19960430,6.8,0
19960531,7.6,0
19960630,16.5,0
19960731,11.8,0
19960831,19.7,0
19960930,3,0
19961031,0.7,0
19961130,24.9,0
19961231,14,0
19970131,7.4,0
19970228,11,0
19970331,12.1,0
19970430,23,0
19970531,25.4,0
19970630,20.8,0
19970731,12.9,0
19970831,35.7,0
19970930,59.7,0
19971031,32.8,0
19971130,50.4,0
19971231,55.5,0
19980131,44.5,0
19980228,50.2,0
19980331,82,0
19980430,70.6,0
19980531,74,0
19980630,90.5,0
19980731,96.7,0
19980831,121.1,0
19980930,132,0
19981031,78.5,0
19981130,97.3,0
19981231,119.2,0
19990131,86,0
19990228,98,0
19990331,103.5,0
19990430,93.6,0
19990531,149.6,0
19990630,207.2,1
19990731,173.5,0
19990831,142.3,0
19990930,106.3,0
19991031,168.7,0
19991130,188.3,0
19991231,116.8,1
20000131,133.1,0
20000229,165.7,0
20000331,217.7,1
20000430,191.5,0
20000531,165.9,0
20000630,188,0
20000731,244.3,1
20000831,180.5,0
20000930,156,0
20001031,141.6,0
20001130,158.1,0
20001231,143.3,0
20010131,142.6,0
20010228,121.5,0
20010331,165.8,0
20010430,161.7,0
20010531,142.1,0
20010630,202.9,1
20010731,123,1
20010831,161.5,0
20010930,238.2,1
20011031,194.1,0
20011130,176.6,0
20011231,213.4,1
20020131,184.6,0
20020228,170.2,0
20020331,147.1,0
20020430,186.9,0
20020531,187.5,0
20020630,128.8,1
20020731,161,0
20020831,175.6,0
20020930,187.9,0
20021031,151.2,0
20021130,147.2,0
20021231,135.3,0
20030131,133.5,0
20030228,75.7,1
20030331,100.7,0
20030430,97.9,0
20030531,86.8,0
20030630,118.7,0
20030731,128.3,0
20030831,115.4,0
20030930,78.5,0
20031031,97.8,0
20031130,82.9,0
20031231,72.2,0
20040131,60.6,0
20040229,74.6,0
20040331,74.8,0
20040430,59.2,0
20040531,72.8,0
20040630,66.5,0
20040731,83.8,0
20040831,69.7,0
20040930,48.8,0
20041031,74.2,0
20041130,70.1,0
20041231,28.9,0
20050131,48.1,0
20050228,43.5,0
20050331,39.6,0
20050430,38.7,0
20050531,61.9,0
20050630,56.8,0
20050731,62.4,0
20050831,60.5,0
20050930,37.2,0
20051031,13.2,0
20051130,27.5,0
20051231,59.3,0
20060131,20.9,0
20060228,5.7,0
20060331,17.3,0
20060430,50.3,0
20060531,37.2,0
20060630,24.5,0
20060731,22.2,0
20060831,20.8,0
20060930,23.7,0
20061031,14.9,0
20061130,35.7,0
20061231,22.3,0
20070131,29.3,0
20070228,18.4,0
20070331,7.2,0
20070430,5.4,0
20070531,19.5,0
20070630,21.3,0
20070731,15.1,0
20070831,9.8,0
20070930,4,0
20071031,1.5,0
20071130,2.8,0
20071231,17.3,0
20080131,4.1,0
20080229,2.9,0
20080331,15.5,0
20080430,3.6,0
20080531,4.6,0
20080630,5.2,0
20080731,0.6,0
20080831,0.3,0
20080930,1.2,0
20081031,4.2,0
20081130,6.6,0
20081231,1,0
20090131,1.3,0
20090228,1.2,0
20090331,0.6,0
20090430,1.2,0
20090531,2.9,0
20090630,6.3,0
20090731,5.5,0
20090831,0,0
20090930,7.1,0
20091031,7.7,0
20091130,6.9,0
20091231,16.3,0
20100131,19.5,0
20100228,28.5,0
20100331,24,0
20100430,10.4,0
20100531,13.9,0
20100630,18.8,0
20100731,25.2,0
20100831,29.6,0
20100930,36.4,0
20101031,33.6,0
20101130,34.4,0
20101231,24.5,0
20110131,27.3,0
20110228,48.3,0
20110331,78.6,0
20110430,76.1,0
20110531,58.2,0
20110630,56.1,0
20110731,64.5,0
20110831,65.8,0
20110930,120.1,1
20111031,125.7,0
20111130,139.1,0
20111231,109.3,0
20120131,94.4,0
20120229,47.8,1
20120331,86.6,0
20120430,85.9,0
20120531,96.5,0
20120630,92,0
20120731,100.1,0
20120831,94.8,0
20120930,93.7,0
20121031,76.5,0
20121130,87.6,0
20121231,56.8,0
20130131,96.1,0
20130228,60.9,0
20130331,78.3,0
20130430,107.3,0
20130531,120.2,0
20130630,76.7,0
20130731,86.2,0
20130831,91.8,0
20130930,54.5,0
20131031,114.4,1
20131130,113.9,0
20131231,124.2,0
20140131,117,0
20140228,146.1,0
20140331,128.7,0
20140430,112.5,0
20140531,112.5,0
20140630,102.9,0
20140731,100.2,0
20140831,106.9,0
20140930,130,0
20141031,90,0
20141130,103.6,0
20141231,112.9,0
20150131,93,0
20150228,66.7,0
20150331,54.5,0
20150430,75.3,0
20150531,88.8,0
20150630,66.5,0
20150731,65.8,0
20150831,64.4,0
20150930,78.6,0
20151031,63.6,0
20151130,62.2,0
20151231,58,0
20160131,57,0
20160229,56.4,0
20160331,54.1,0
20160430,37.9,0
20160531,51.5,0
20160630,20.5,0
20160731,32.4,0
20160831,50.2,0
20160930,44.6,0
20161031,33.4,0
20161130,21.4,0
20161231,18.5,0
20170131,26.1,0
20170228,26.4,0
20170331,17.7,0
20170430,32.3,0
20170531,18.9,0
20170630,19.2,0
20170731,17.8,0
20170831,32.6,0
20170930,43.7,0
20171031,13.2,0
20171130,5.7,0
20171231,8.2,0
20180131,6.8,0
20180228,10.7,0
20180331,2.5,0
20180430,8.9,0
20180531,13.1,0
20180630,15.6,0
20180731,1.6,0
20180831,8.7,0
20180930,3.3,0
20181031,4.9,0
20181130,4.9,0
20181231,3.1,0
20190131,7.7,0
20190228,0.8,0
20190331,9.4,0
20190430,9.1,0
20190531,9.9,0
20190630,1.2,0
20190731,0.9,0
20190831,0.5,0
20190930,1.1,0
20191031,0.4,0
20191130,0.5,0
20191231,1.5,0
20200131,6.2,0
20200229,0.2,0
20200331,1.5,0
20200430,5.2,0
20200531,0.2,0
20200630,5.8,0
20200731,6.1,0
20200831,7.5,0
20200930,0.6,0
20201031,14.4,0
20201130,34,0
20201231,21.8,0
20210131,10.4,0
